[
    {"song": "Ärzte Theme", "album": "debil", "release": "1984", "streams": "300.000", "durationMin": "2", "durationSec": "0", "wordCount": "0", "singer": "/", "single": "false"},
    {"song": "Scheißtyp", "album": "debil", "release": "1984", "streams": "300.000", "durationMin": "2", "durationSec": "58", "wordCount": "146", "singer": "Bela", "single": "false"},
    {"song": "Paul", "album": "debil", "release": "1984", "streams": "4.500.000", "durationMin": "2", "durationSec": "28", "wordCount": "140", "singer": "Farin", "single": "true"},
    {"song": "Kamelralley", "album": "debil", "release": "1984", "streams": "300.000", "durationMin": "4", "durationSec": "2", "wordCount": "181", "singer": "Sahnie", "single": "false"},
    {"song": "Frank'n'stein", "album": "debil", "release": "1984", "streams": "300.000", "durationMin": "2", "durationSec": "41", "wordCount": "190", "singer": "Bela", "single": "false"},
    {"song": "El Cattivo", "album": "debil", "release": "1984", "streams": "1.200.000", "durationMin": "3", "durationSec": "16", "wordCount": "173", "singer": "Farin", "single": "false"},
    {"song": "Claudia hat 'nen Schäferhund", "album": "debil", "release": "1984", "streams": "3.300.000", "durationMin": "2", "durationSec": "1", "wordCount": "156", "singer": "Farin", "single": "false"},
    {"song": "Mädchen", "album": "debil", "release": "1984", "streams": "700.000", "durationMin": "2", "durationSec": "58", "wordCount": "147", "singer": "Farin", "single": "false"},
    {"song": "Mr. Sexpistols", "album": "debil", "release": "1984", "streams": "500.000", "durationMin": "3", "durationSec": "16", "wordCount": "178", "singer": "Bela", "single": "false"},
    {"song": "Micha", "album": "debil", "release": "1984", "streams": "400.000", "durationMin": "2", "durationSec": "56", "wordCount": "167", "singer": "Farin", "single": "false"},
    {"song": "Zu spät", "album": "debil", "release": "1984", "streams": "33.600.000", "durationMin": "2", "durationSec": "45", "wordCount": "248", "singer": "Farin", "single": "true"},
    {"song": "Roter Minirock", "album": "debil", "release": "1984", "streams": "700.000", "durationMin": "2", "durationSec": "18", "wordCount": "182", "singer": "Farin, Sahnie", "single": "false"},
    {"song": "Schlaflied", "album": "debil", "release": "1984", "streams": "2.100.000", "durationMin": "4", "durationSec": "12", "wordCount": "191", "singer": "Farin", "single": "false"},

    {"song": "Erna P.", "album": "/", "release": "1984", "streams": "400.000", "durationMin": "2", "durationSec": "29", "wordCount": "130", "singer": "Farin", "single": "false"},



    {"song": "Du willst mich küssen", "album": "schatten", "release": "1985", "streams": "4.200.000", "durationMin": "3", "durationSec": "13", "wordCount": "199", "singer": "Farin", "single": "true"},
    {"song": "Dein Vampyr", "album": "schatten", "release": "1985", "streams": "700.000", "durationMin": "3", "durationSec": "20", "wordCount": "177", "singer": "Bela", "single": "false"},
    {"song": "...und es regnet", "album": "schatten", "release": "1985", "streams": "200.000", "durationMin": "3", "durationSec": "32", "wordCount": "224", "singer": "Bela, Farin, Sahnie", "single": "false"},
    {"song": "Alles", "album": "schatten", "release": "1985", "streams": "100.000", "durationMin": "2", "durationSec": "58", "wordCount": "170", "singer": "Bela", "single": "false"},
    {"song": "Rennen nicht Laufen!", "album": "schatten", "release": "1985", "streams": "200.000", "durationMin": "2", "durationSec": "55", "wordCount": "143", "singer": "Farin", "single": "false"},
    {"song": "Wie ein Kind", "album": "schatten", "release": "1985", "streams": "200.000", "durationMin": "3", "durationSec": "40", "wordCount": "152", "singer": "Sahnie", "single": "false"},
    {"song": "Wegen Dir", "album": "schatten", "release": "1985", "streams": "1.500.000", "durationMin": "3", "durationSec": "18", "wordCount": "249", "singer": "Farin", "single": "true"},
    {"song": "Die Antwort bist Du", "album": "schatten", "release": "1985", "streams": "100.000", "durationMin": "3", "durationSec": "21", "wordCount": "170", "singer": "Bela", "single": "false"},
    {"song": "Buddy Holly's Brille", "album": "schatten", "release": "1985", "streams": "900.000", "durationMin": "3", "durationSec": "39", "wordCount": "231", "singer": "Farin", "single": "false"},
    {"song": "Käfer", "album": "schatten", "release": "1985", "streams": "300.00", "durationMin": "2", "durationSec": "55", "wordCount": "189", "singer": "Farin", "single": "false"},
    {"song": "Ich weiss nicht, ob es Liebe ist", "album": "schatten", "release": "1985", "streams": "1.200.000", "durationMin": "3", "durationSec": "48", "wordCount": "207", "singer": "Farin", "single": "false"},
    {"song": "\"Was hat der Junge doch für Nerven\"", "album": "schatten", "release": "1985", "streams": "100.000", "durationMin": "4", "durationSec": "15", "wordCount": "246", "singer": "Bela, Farin, Sahnie", "single": "false"},

    {"song": "Und ich weine", "album": "/", "release": "1985", "streams": "100.000", "durationMin": "3", "durationSec": "7", "wordCount": "161", "singer": "Farin", "single": "false"},



    {"song": "Wie am ersten Tag", "album": "aerzte", "release": "1986", "streams": "1.300.000", "durationMin": "3", "durationSec": "41", "wordCount": "233", "singer": "Farin", "single": "false"},
    {"song": "Mysteryland", "album": "aerzte", "release": "1986", "streams": "800.000", "durationMin": "4", "durationSec": "1", "wordCount": "213", "singer": "Bela", "single": "false"},
    {"song": "Sweet Sweet Gwendoline", "album": "aerzte", "release": "1986", "streams": "2.100.000", "durationMin": "2", "durationSec": "49", "wordCount": "141", "singer": "Farin", "single": "false"},
    {"song": "Ist das alles?", "album": "aerzte", "release": "1986", "streams": "1.700.000", "durationMin": "3", "durationSec": "37", "wordCount": "179", "singer": "Bela", "single": "true"},
    {"song": "Frühjahrsputz", "album": "aerzte", "release": "1986", "streams": "100.000", "durationMin": "4", "durationSec": "11", "wordCount": "163", "singer": "Farin", "single": "false"},
    {"song": "Alleine in der Nacht", "album": "aerzte", "release": "1986", "streams": "1.200.000", "durationMin": "2", "durationSec": "46", "wordCount": "257", "singer": "Bela", "single": "false"},
    {"song": "Jenseits von Eden", "album": "aerzte", "release": "1986", "streams": "200.000", "durationMin": "3", "durationSec": "59", "wordCount": "166", "singer": "Bela, Farin", "single": "false"},
    {"song": "Wir werden schön", "album": "aerzte", "release": "1986", "streams": "200.000", "durationMin": "4", "durationSec": "1", "wordCount": "183", "singer": "Bela", "single": "false"},
    {"song": "Für immer", "album": "aerzte", "release": "1986", "streams": "1.500.000", "durationMin": "3", "durationSec": "44", "wordCount": "124", "singer": "Farin", "single": "true"},
    {"song": "Ich bin reich", "album": "aerzte", "release": "1986", "streams": "1.000.000", "durationMin": "4", "durationSec": "21", "wordCount": "327", "singer": "Farin", "single": "false"},
    {"song": "Zum letzten Mal", "album": "aerzte", "release": "1986", "streams": "500.000", "durationMin": "4", "durationSec": "25", "wordCount": "139", "singer": "Farin", "single": "false"},

    {"song": "Ewige Blumenkraft", "album": "/", "release": "1986", "streams": "100.000", "durationMin": "3", "durationSec": "22", "wordCount": "94", "singer": "Bela, Farin", "single": "false"},



    {"song": "Sie kratzt, sie stinkt, sie klebt", "album": "/", "release": "1987", "streams": "100.000", "durationMin": "2", "durationSec": "35", "wordCount": "176", "singer": "Farin", "single": "false"},
    {"song": "Geschwisterliebe", "album": "/", "release": "1986", "streams": "0", "durationMin": "4", "durationSec": "6", "wordCount": "134", "singer": "Farin", "single": "false"},
    {"song": "Helmut K.", "album": "/", "release": "1987", "streams": "200.000", "durationMin": "2", "durationSec": "38", "wordCount": "119", "singer": "Bela, Farin, Hagen", "single": "false"},
    {"song": "Claudia II", "album": "/", "release": "1987", "streams": "200.000", "durationMin": "2", "durationSec": "32", "wordCount": "146", "singer": "Farin", "single": "false"},



    {"song": "Geh'n wie ein Ägypter", "album": "/", "release": "1987", "streams": "6.600.000", "durationMin": "2", "durationSec": "22", "wordCount": "143", "singer": "Bela, Farin", "single": "true"},
    {"song": "2000 Mädchen", "album": "/", "release": "1987", "streams": "2.900.000", "durationMin": "3", "durationSec": "57", "wordCount": "188", "singer": "Farin", "single": "true"},
    {"song": "Radio brennt", "album": "/", "release": "1987", "streams": "1.200.000", "durationMin": "2", "durationSec": "41", "wordCount": "132", "singer": "Farin", "single": "true"},

    {"song": "Nein, Nein, Nein", "album": "/", "release": "1987", "streams": "0", "durationMin": "3", "durationSec": "47", "wordCount": "255", "singer": "Bela, Farin", "single": "false"},

    {"song": "Gabi ist pleite", "album": "/", "release": "1987", "streams": "0", "durationMin": "2", "durationSec": "42", "wordCount": "174", "singer": "Bela, Farin", "single": "false"},



    {"song": "Ohne dich", "album": "wahrheit", "release": "1988", "streams": "1.600.000", "durationMin": "2", "durationSec": "49", "wordCount": "132", "singer": "Farin", "single": "false"},
    {"song": "Baby ich tu's", "album": "wahrheit", "release": "1988", "streams": "500.000", "durationMin": "3", "durationSec": "0", "wordCount": "153", "singer": "Bela", "single": "false"},
    {"song": "Komm zurück", "album": "wahrheit", "release": "1988", "streams": "900.000", "durationMin": "3", "durationSec": "33", "wordCount": "141", "singer": "Farin", "single": "false"},
    {"song": "Wilde Welt", "album": "wahrheit", "release": "1988", "streams": "400.000", "durationMin": "2", "durationSec": "51", "wordCount": "156", "singer": "Bela", "single": "false"},
    {"song": "Westerland", "album": "wahrheit", "release": "1988", "streams": "68.500.000", "durationMin": "3", "durationSec": "41", "wordCount": "208", "singer": "Farin", "single": "true"},
    {"song": "Ich will dich", "album": "wahrheit", "release": "1988", "streams": "300.000", "durationMin": "2", "durationSec": "18", "wordCount": "168", "singer": "Bela", "single": "false"},
    {"song": "Elke", "album": "wahrheit", "release": "1988", "streams": "3.200.000", "durationMin": "3", "durationSec": "22", "wordCount": "233", "singer": "Farin", "single": "true"},
    {"song": "Blumen", "album": "wahrheit", "release": "1988", "streams": "2.300.000", "durationMin": "3", "durationSec": "44", "wordCount": "253", "singer": "Bela", "single": "true"},
    {"song": "Ausserirdische", "album": "wahrheit", "release": "1988", "streams": "600.000", "durationMin": "2", "durationSec": "45", "wordCount": "199", "singer": "Bela", "single": "false"},
    {"song": "Siegerin", "album": "wahrheit", "release": "1988", "streams": "300.000", "durationMin": "3", "durationSec": "10", "wordCount": "204", "singer": "Bela", "single": "false"},
    {"song": "Bitte, Bitte", "album": "wahrheit", "release": "1988", "streams": "1.500.000", "durationMin": "3", "durationSec": "17", "wordCount": "136", "singer": "Farin", "single": "true"},
    {"song": "Popstar", "album": "wahrheit", "release": "1988", "streams": "400.000", "durationMin": "3", "durationSec": "12", "wordCount": "132", "singer": "Bela", "single": "false"},
    {"song": "Gute Zeit", "album": "wahrheit", "release": "1988", "streams": "300.000", "durationMin": "3", "durationSec": "41", "wordCount": "197", "singer": "Bela", "single": "false"},
    {"song": "Schwanz ab", "album": "wahrheit", "release": "1988", "streams": "500.000", "durationMin": "1", "durationSec": "49", "wordCount": "151", "singer": "Farin", "single": "false"},

    {"song": "Das ist Rock'n'Roll", "album": "/", "release": "1988", "streams": "300.000", "durationMin": "3", "durationSec": "5", "wordCount": "241", "singer": "Bela, Farin", "single": "false"},

    {"song": "Sie tun es", "album": "/", "release": "1988", "streams": "0", "durationMin": "3", "durationSec": "5", "wordCount": "235", "singer": "Bela, Farin", "single": "false"},

    {"song": "Gabi gibt 'ne Party", "album": "/", "release": "1988", "streams": "200.000", "durationMin": "3", "durationSec": "10", "wordCount": "179", "singer": "Bela, Farin", "single": "false"},


    
    {"song": "Teenager Liebe", "album": "/", "release": "1983", "streams": "4.800.000", "durationMin": "2", "durationSec": "57", "wordCount": "287", "singer": "Farin", "single": "true"},
    {"song": "Annelise Schmidt", "album": "/", "release": "1983", "streams": "400.000", "durationMin": "3", "durationSec": "11", "wordCount": "169", "singer": "Farin", "single": "false"},
    {"song": "Der lustige Astronaut", "album": "/", "release": "1984", "streams": "600.000", "durationMin": "2", "durationSec": "34", "wordCount": "150", "singer": "Farin", "single": "false"},
    {"song": "Die Einsamkeit des Würstchens", "album": "/", "release": "1989", "streams": "100.000", "durationMin": "1", "durationSec": "24", "wordCount": "86", "singer": "Bela", "single": "false"},
    {"song": "Ekelpack", "album": "/", "release": "1989", "streams": "100.000", "durationMin": "2", "durationSec": "3", "wordCount": "79", "singer": "Bela, Farin", "single": "false"},
    {"song": "Grace Kelly", "album": "/", "release": "1983", "streams": "400.000", "durationMin": "2", "durationSec": "19", "wordCount": "195", "singer": "Farin", "single": "false"},
    {"song": "Kopfhaut", "album": "/", "release": "1984", "streams": "700.000", "durationMin": "2", "durationSec": "57", "wordCount": "296", "singer": "Farin", "single": "false"},
    {"song": "Mein kleiner Liebling", "album": "/", "release": "1984", "streams": "300.000", "durationMin": "2", "durationSec": "29", "wordCount": "293", "singer": "Bela", "single": "false"},
    {"song": "Sommer, Palmen, Sonnenschein", "album": "/", "release": "1984", "streams": "700.000", "durationMin": "2", "durationSec": "53", "wordCount": "281", "singer": "Farin", "single": "false"},
    {"song": "Teddybär", "album": "/", "release": "1983", "streams": "200.000", "durationMin": "2", "durationSec": "47", "wordCount": "153", "singer": "Bela", "single": "false"},
    {"song": "Tittenmaus", "album": "/", "release": "1989", "streams": "300.000", "durationMin": "5", "durationSec": "3", "wordCount": "261", "singer": "Bela", "single": "false"},
    {"song": "Vollmilch", "album": "/", "release": "1989", "streams": "200.000", "durationMin": "1", "durationSec": "55", "wordCount": "87", "singer": "Farin", "single": "false"},
    {"song": "Wilde Mädchen", "album": "/", "release": "1989", "streams": "100.000", "durationMin": "1", "durationSec": "21", "wordCount": "48", "singer": "Farin", "single": "false"},
    {"song": "Zitroneneis", "album": "/", "release": "1989", "streams": "300.000", "durationMin": "2", "durationSec": "9", "wordCount": "151", "singer": "Farin", "single": "false"},
    {"song": "Zum Bäcker", "album": "/", "release": "1989", "streams": "200.000", "durationMin": "2", "durationSec": "7", "wordCount": "238", "singer": "Farin", "single": "false"},


    
    {"song": "Inntro", "album": "bestie", "release": "1993", "streams": "0", "durationMin": "0", "durationSec": "5", "wordCount": "0", "singer": "/", "single": "false"},
    {"song": "Schrei nach Liebe", "album": "bestie", "release": "1993", "streams": "109.000.000", "durationMin": "4", "durationSec": "12", "wordCount": "203", "singer": "Bela, Farin", "single": "true"},
    {"song": "Schopenhauer", "album": "bestie", "release": "1993", "streams": "800.000", "durationMin": "3", "durationSec": "6", "wordCount": "159", "singer": "Farin", "single": "false"},
    {"song": "Für uns", "album": "bestie", "release": "1993", "streams": "700.000", "durationMin": "4", "durationSec": "43", "wordCount": "383", "singer": "Bela", "single": "false"},
    {"song": "Hey Huh (in Scheiben)", "album": "bestie", "release": "1993", "streams": "500.000", "durationMin": "1", "durationSec": "28", "wordCount": "140", "singer": "Bela, Farin", "single": "false"},
    {"song": "FaFaFa", "album": "bestie", "release": "1993", "streams": "1.000.000", "durationMin": "1", "durationSec": "41", "wordCount": "267", "singer": "Farin", "single": "false"},
    {"song": "Deutschrockgirl", "album": "bestie", "release": "1993", "streams": "600.000", "durationMin": "1", "durationSec": "53", "wordCount": "168", "singer": "Bela", "single": "false"},
    {"song": "Mach die Augen zu", "album": "bestie", "release": "1993", "streams": "8.600.000", "durationMin": "4", "durationSec": "0", "wordCount": "164", "singer": "Farin", "single": "true"},
    {"song": "Gehirn-Stürm", "album": "bestie", "release": "1993", "streams": "400.000", "durationMin": "4", "durationSec": "4", "wordCount": "338", "singer": "Bela, Farin", "single": "false"},
    {"song": "Mit dem Schwert nach Polen, warum René?", "album": "bestie", "release": "1993", "streams": "800.000", "durationMin": "4", "durationSec": "28", "wordCount": "266", "singer": "Bela, Rod", "single": "false"},
    {"song": "Claudia (Teil 95)", "album": "bestie", "release": "1993", "streams": "0", "durationMin": "0", "durationSec": "8", "wordCount": "6", "singer": "Bela, Farin, Rod", "single": "false"},
    {"song": "Die Allerschürfste", "album": "bestie", "release": "1993", "streams": "600.000", "durationMin": "3", "durationSec": "24", "wordCount": "122", "singer": "Farin", "single": "false"},
    {"song": "Friedenspanzer", "album": "bestie", "release": "1993", "streams": "3.700.000", "durationMin": "3", "durationSec": "57", "wordCount": "212", "singer": "Bela, Rod", "single": "true"},
    {"song": "Quark", "album": "bestie", "release": "1993", "streams": "800.000", "durationMin": "2", "durationSec": "45", "wordCount": "192", "singer": "Farin", "single": "true"},
    {"song": "Dos Corazones", "album": "bestie", "release": "1993", "streams": "300.000", "durationMin": "3", "durationSec": "47", "wordCount": "174", "singer": "Rod", "single": "false"},
    {"song": "Kopfüber in die Hölle", "album": "bestie", "release": "1993", "streams": "2.900.000", "durationMin": "2", "durationSec": "54", "wordCount": "170", "singer": "Farin", "single": "false"},
    {"song": "Omaboy", "album": "bestie", "release": "1993", "streams": "400.000", "durationMin": "4", "durationSec": "44", "wordCount": "225", "singer": "Bela", "single": "false"},
    {"song": "Lieber Tee", "album": "bestie", "release": "1993", "streams": "400.000", "durationMin": "4", "durationSec": "48", "wordCount": "195", "singer": "Farin", "single": "false"},
    {"song": "Wenn es Abend wird", "album": "bestie", "release": "1993", "streams": "300.000", "durationMin": "6", "durationSec": "36", "wordCount": "273", "singer": "Farin", "single": "false"},

    {"song": "Felicita", "album": "/", "release": "1993", "streams": "0", "durationMin": "0", "durationSec": "52", "wordCount": "45", "singer": "Farin", "single": "false"},
    {"song": "Ja (Demo)", "album": "/", "release": "1993", "streams": "0", "durationMin": "2", "durationSec": "38", "wordCount": "112", "singer": "Farin", "single": "false"},

    {"song": "25 Stunden am Tag", "album": "/", "release": "1993", "streams": "0", "durationMin": "3", "durationSec": "6", "wordCount": "253", "singer": "Bela", "single": "false"},
    {"song": "Punkrockgirl", "album": "/", "release": "1993", "streams": "0", "durationMin": "1", "durationSec": "52", "wordCount": "193", "singer": "Bela", "single": "false"},
    {"song": "Wahre Liebe", "album": "/", "release": "1993", "streams": "0", "durationMin": "3", "durationSec": "15", "wordCount": "151", "singer": "Bela, Farin, Rod", "single": "false"},

    {"song": "Die Wiking-Jugend hat mein Mädchen entführt", "album": "bestie", "release": "1993", "streams": "0", "durationMin": "2", "durationSec": "30", "wordCount": "224", "singer": "Bela", "single": "false"},
    {"song": "Stick it Out/What's the Ugliest Part of Your Body", "album": "bestie", "release": "1993", "streams": "0", "durationMin": "3", "durationSec": "10", "wordCount": "183", "singer": "Bela, Farin", "single": "false"},



    {"song": "Super Drei", "album": "planet", "release": "1995", "streams": "1.900.000", "durationMin": "2", "durationSec": "16", "wordCount": "181", "singer": "Bela, Farin, Rod", "single": "false"},
    {"song": "Schunder-Song", "album": "planet", "release": "1995", "streams": "15.700.000", "durationMin": "2", "durationSec": "6", "wordCount": "247", "singer": "Farin", "single": "true"},
    {"song": "Hurra", "album": "planet", "release": "1995", "streams": "9.900.000", "durationMin": "2", "durationSec": "26", "wordCount": "247", "singer": "Farin", "single": "true"},
    {"song": "Geh mit mir", "album": "planet", "release": "1995", "streams": "500.000", "durationMin": "2", "durationSec": "29", "wordCount": "180", "singer": "Bela, Jasmin Tabatabai", "single": "false"},
    {"song": "Langweilig", "album": "planet", "release": "1995", "streams": "2.400.000", "durationMin": "3", "durationSec": "7", "wordCount": "230", "singer": "Farin", "single": "false"},
    {"song": "Mein Freund Michael", "album": "planet", "release": "1995", "streams": "600.000", "durationMin": "3", "durationSec": "39", "wordCount": "426", "singer": "Farin", "single": "false"},
    {"song": "Rod Loves You", "album": "planet", "release": "1995", "streams": "900.000", "durationMin": "3", "durationSec": "26", "wordCount": "178", "singer": "Farin, Rod", "single": "false"},
    {"song": "Der Misanthrop", "album": "planet", "release": "1995", "streams": "700.000", "durationMin": "3", "durationSec": "21", "wordCount": "271", "singer": "Farin", "single": "false"},
    {"song": "Vermissen, Baby", "album": "planet", "release": "1995", "streams": "400.000", "durationMin": "3", "durationSec": "37", "wordCount": "203", "singer": "Rod", "single": "false"},
    {"song": "Nazareth", "album": "planet", "release": "1995", "streams": "300.000", "durationMin": "4", "durationSec": "20", "wordCount": "220", "singer": "Bela", "single": "false"},
    {"song": "Meine Ex(plodierte Freundin)", "album": "planet", "release": "1995", "streams": "2.100.000", "durationMin": "3", "durationSec": "39", "wordCount": "315", "singer": "Farin", "single": "false"},
    {"song": "Die Banane", "album": "planet", "release": "1995", "streams": "1.100.000", "durationMin": "4", "durationSec": "35", "wordCount": "250", "singer": "Bela", "single": "false"},
    {"song": "B.S.L.", "album": "planet", "release": "1995", "streams": "300.000", "durationMin": "2", "durationSec": "35", "wordCount": "165", "singer": "Farin", "single": "false"},
    {"song": "Die Traurige Ballade von Susi Spakowski", "album": "planet", "release": "1995", "streams": "400.000", "durationMin": "4", "durationSec": "1", "wordCount": "225", "singer": "Bela", "single": "false"},
    {"song": "Red mit mir", "album": "planet", "release": "1995", "streams": "400.000", "durationMin": "3", "durationSec": "58", "wordCount": "286", "singer": "Farin", "single": "false"},
    {"song": "Trick 17 M. S.", "album": "planet", "release": "1995", "streams": "600.000", "durationMin": "3", "durationSec": "5", "wordCount": "185", "singer": "Farin", "single": "false"},
    {"song": "Opfer", "album": "planet", "release": "1995", "streams": "400.000", "durationMin": "3", "durationSec": "0", "wordCount": "167", "singer": "Farin", "single": "false"},

    {"song": "Is ja irre", "album": "/", "release": "1995", "streams": "0", "durationMin": "1", "durationSec": "23", "wordCount": "37", "singer": "Farin", "single": "false"},
    {"song": "Regierung", "album": "/", "release": "1995", "streams": "0", "durationMin": "2", "durationSec": "32", "wordCount": "229", "singer": "Farin", "single": "false"},
    {"song": "Unholy", "album": "/", "release": "1995", "streams": "0", "durationMin": "3", "durationSec": "28", "wordCount": "190", "singer": "Bela", "single": "false"},

    {"song": "Sex Me, Baby", "album": "/", "release": "1995", "streams": "0", "durationMin": "2", "durationSec": "53", "wordCount": "166", "singer": "Rod", "single": "false"},
    {"song": "Warrumska", "album": "/", "release": "1995", "streams": "0", "durationMin": "3", "durationSec": "54", "wordCount": "277", "singer": "Farin", "single": "false"},
    {"song": "Eine Frage der Ehre", "album": "/", "release": "1995", "streams": "0", "durationMin": "3", "durationSec": "50", "wordCount": "0", "singer": "/", "single": "false"},



    {"song": "Erklärung", "album": "frisur", "release": "1996", "streams": "100.000", "durationMin": "0", "durationSec": "58", "wordCount": "78", "singer": "Bela, Farin, Rod", "single": "false"},
    {"song": "Mein Baby war beim Frisör", "album": "frisur", "release": "1996", "streams": "5.700.000", "durationMin": "2", "durationSec": "16", "wordCount": "208", "singer": "Farin", "single": "true"},
    {"song": "Vokuhila Superstar", "album": "frisur", "release": "1996", "streams": "300.000", "durationMin": "5", "durationSec": "1", "wordCount": "353", "singer": "Bela", "single": "false"},
    {"song": "3-Tage-Bart", "album": "frisur", "release": "1996", "streams": "8.900.000", "durationMin": "3", "durationSec": "5", "wordCount": "183", "singer": "Farin", "single": "true"},
    {"song": "No Future (Ohne neue Haarfrisur)", "album": "frisur", "release": "1996", "streams": "200.000", "durationMin": "2", "durationSec": "11", "wordCount": "180", "singer": "Farin", "single": "false"},
    {"song": "Look, Don't Touch", "album": "frisur", "release": "1996", "streams": "200.000", "durationMin": "2", "durationSec": "16", "wordCount": "149", "singer": "Bela", "single": "false"},
    {"song": "Straight Outta Bückeburg", "album": "frisur", "release": "1996", "streams": "200.000", "durationMin": "4", "durationSec": "30", "wordCount": "332", "singer": "Farin", "single": "false"},
    {"song": "Medusa-Man (Serienmörder Ralf)", "album": "frisur", "release": "1996", "streams": "200.000", "durationMin": "5", "durationSec": "58", "wordCount": "163", "singer": "Bela", "single": "false"},
    {"song": "Haar", "album": "frisur", "release": "1996", "streams": "200.000", "durationMin": "4", "durationSec": "9", "wordCount": "236", "singer": "Bela, Farin, Rod", "single": "false"},
    {"song": "Dauerwelle vs. Minipli", "album": "frisur", "release": "1996", "streams": "200.000", "durationMin": "0", "durationSec": "54", "wordCount": "35", "singer": "Bela, Farin, Rod", "single": "false"},
    {"song": "Der Afro von Paul Breitner", "album": "frisur", "release": "1996", "streams": "100.000", "durationMin": "2", "durationSec": "1", "wordCount": "104", "singer": "Bela, Farin, Rod", "single": "false"},
    {"song": "Motherfucker 666", "album": "frisur", "release": "1996", "streams": "300.000", "durationMin": "3", "durationSec": "2", "wordCount": "229", "singer": "Farin", "single": "false"},
    {"song": "Monika", "album": "frisur", "release": "1996", "streams": "200.000", "durationMin": "0", "durationSec": "45", "wordCount": "57", "singer": "Farin", "single": "false"},
    {"song": "Hair Today, Gone Tomorrow", "album": "frisur", "release": "1996", "streams": "200.000", "durationMin": "2", "durationSec": "56", "wordCount": "147", "singer": "Bela", "single": "false"},
    {"song": "Am Ende meines Körpers", "album": "frisur", "release": "1996", "streams": "100.000", "durationMin": "2", "durationSec": "48", "wordCount": "144", "singer": "Farin", "single": "false"},
    {"song": "Kaperfahrt", "album": "frisur", "release": "1996", "streams": "500.000", "durationMin": "2", "durationSec": "21", "wordCount": "133", "singer": "Bela, Farin, Rod", "single": "false"},
    {"song": "Zusammenfassung", "album": "frisur", "release": "1996", "streams": "0", "durationMin": "0", "durationSec": "4", "wordCount": "5", "singer": "/", "single": "false"},

    {"song": "Chanson d'Albert", "album": "/", "release": "1996", "streams": "0", "durationMin": "3", "durationSec": "13", "wordCount": "178", "singer": "Farin", "single": "false"},
    {"song": "In den See! Mit einem Gewicht an den Füßen!", "album": "/", "release": "1996", "streams": "0", "durationMin": "4", "durationSec": "14", "wordCount": "53", "singer": "Bela, Farin, Rod", "single": "false"},



    {"song": "Punk ist...", "album": "dreizehn", "release": "1998", "streams": "800.000", "durationMin": "3", "durationSec": "42", "wordCount": "208", "singer": "Bela", "single": "false"},
    {"song": "Ein Lied für dich", "album": "dreizehn", "release": "1998", "streams": "5.100.000", "durationMin": "2", "durationSec": "43", "wordCount": "267", "singer": "Farin", "single": "false"},
    {"song": "Goldenes Handwerk", "album": "dreizehn", "release": "1998", "streams": "2.000.000", "durationMin": "3", "durationSec": "37", "wordCount": "238", "singer": "Bela", "single": "true"},
    {"song": "Meine Freunde", "album": "dreizehn", "release": "1998", "streams": "3.300.000", "durationMin": "1", "durationSec": "47", "wordCount": "181", "singer": "Farin", "single": "false"},
    {"song": "Party stinkt", "album": "dreizehn", "release": "1998", "streams": "800.000", "durationMin": "3", "durationSec": "26", "wordCount": "224", "singer": "Bela", "single": "false"},
    {"song": "1/2 Lovesong", "album": "dreizehn", "release": "1998", "streams": "8.500.000", "durationMin": "3", "durationSec": "54", "wordCount": "304", "singer": "Rod", "single": "true"},
    {"song": "Ignorama", "album": "dreizehn", "release": "1998", "streams": "1.900.000", "durationMin": "3", "durationSec": "0", "wordCount": "278", "singer": "Bela, Rod", "single": "false"},
    {"song": "Nie wieder Krieg, nie mehr Las Vegas!", "album": "dreizehn", "release": "1998", "streams": "2.700.000", "durationMin": "2", "durationSec": "35", "wordCount": "228", "singer": "Farin", "single": "false"},
    {"song": "Rebell", "album": "dreizehn", "release": "1998", "streams": "16.200.000", "durationMin": "3", "durationSec": "53", "wordCount": "304", "singer": "Farin", "single": "true"},
    {"song": "Der Graf", "album": "dreizehn", "release": "1998", "streams": "2.600.000", "durationMin": "3", "durationSec": "46", "wordCount": "180", "singer": "Bela", "single": "false"},
    {"song": "Grau", "album": "dreizehn", "release": "1998", "streams": "700.000", "durationMin": "2", "durationSec": "44", "wordCount": "176", "singer": "Farin", "single": "false"},
    {"song": "Angeber", "album": "dreizehn", "release": "1998", "streams": "2.000.000", "durationMin": "3", "durationSec": "12", "wordCount": "192", "singer": "Farin", "single": "false"},
    {"song": "Männer sind Schweine", "album": "dreizehn", "release": "1998", "streams": "38.800.000", "durationMin": "4", "durationSec": "17", "wordCount": "294", "singer": "Farin", "single": "true"},
    {"song": "Liebe und Schmerz", "album": "dreizehn", "release": "1998", "streams": "900.000", "durationMin": "3", "durationSec": "54", "wordCount": "263", "singer": "Bela", "single": "false"},
    {"song": "Nie gesagt", "album": "dreizehn", "release": "1998", "streams": "1.100.000", "durationMin": "5", "durationSec": "0", "wordCount": "235", "singer": "Farin", "single": "false"},
    {"song": "Der Infant", "album": "dreizehn", "release": "1998", "streams": "700.000", "durationMin": "3", "durationSec": "7", "wordCount": "272", "singer": "Bela", "single": "false"},
    {"song": "Grotesksong", "album": "dreizehn", "release": "1998", "streams": "3.200.000", "durationMin": "3", "durationSec": "52", "wordCount": "258", "singer": "Farin", "single": "false"},

    {"song": "Du bist nicht mein Freund", "album": "/", "release": "1998", "streams": "0", "durationMin": "1", "durationSec": "40", "wordCount": "128", "singer": "Bela", "single": "false"},
    {"song": "Saufen", "album": "/", "release": "1998", "streams": "0", "durationMin": "3", "durationSec": "50", "wordCount": "313", "singer": "Farin", "single": "false"},
    {"song": "Ein Lächeln (Für jeden Tag deines Lebens)", "album": "/", "release": "1998", "streams": "0", "durationMin": "4", "durationSec": "23", "wordCount": "94", "singer": "Bela, Farin, Rod", "single": "false"},

    {"song": "Wunderbare Welt des Farin U.", "album": "/", "release": "1998", "streams": "0", "durationMin": "2", "durationSec": "50", "wordCount": "227", "singer": "Farin", "single": "false"},
    {"song": "Rod Army", "album": "/", "release": "1998", "streams": "0", "durationMin": "2", "durationSec": "50", "wordCount": "138", "singer": "Rod", "single": "false"},

    {"song": "Ein Lied über Zensur", "album": "/", "release": "1998", "streams": "0", "durationMin": "3", "durationSec": "22", "wordCount": "186", "singer": "Farin", "single": "false"},
    {"song": "Schlimm", "album": "/", "release": "1998", "streams": "0", "durationMin": "3", "durationSec": "34", "wordCount": "291", "singer": "Bela", "single": "false"},
    {"song": "Danke für jeden guten Morgen", "album": "/", "release": "1998", "streams": "0", "durationMin": "2", "durationSec": "43", "wordCount": "105", "singer": "Bela, Farin, Rod", "single": "false"},

    {"song": "Backpfeifengesicht", "album": "/", "release": "1999", "streams": "0", "durationMin": "2", "durationSec": "25", "wordCount": "110", "singer": "Farin", "single": "false"},
    {"song": "Alles für dich", "album": "/", "release": "1999", "streams": "0", "durationMin": "4", "durationSec": "10", "wordCount": "190", "singer": "Farin", "single": "false"},



    {"song": "Wie es geht", "album": "spendierhosen", "release": "2000", "streams": "19.600.000", "durationMin": "4", "durationSec": "0", "wordCount": "249", "singer": "Farin", "single": "true"},
    {"song": "Geld", "album": "spendierhosen", "release": "2000", "streams": "600.000", "durationMin": "3", "durationSec": "45", "wordCount": "281", "singer": "Bela", "single": "false"},
    {"song": "Gib mir Zeit", "album": "spendierhosen", "release": "2000", "streams": "400.000", "durationMin": "2", "durationSec": "10", "wordCount": "209", "singer": "Farin", "single": "false"},
    {"song": "Dir", "album": "spendierhosen", "release": "2000", "streams": "300.000", "durationMin": "3", "durationSec": "39", "wordCount": "183", "singer": "Bela", "single": "false"},
    {"song": "Mondo Bondage", "album": "spendierhosen", "release": "2000", "streams": "400.000", "durationMin": "3", "durationSec": "2", "wordCount": "231", "singer": "Rod", "single": "false"},
    {"song": "Onprangering", "album": "spendierhosen", "release": "2000", "streams": "500.000", "durationMin": "3", "durationSec": "55", "wordCount": "163", "singer": "Farin", "single": "false"},
    {"song": "Leichenhalle", "album": "spendierhosen", "release": "2000", "streams": "600.000", "durationMin": "3", "durationSec": "53", "wordCount": "195", "singer": "Rod", "single": "false"},
    {"song": "Der Optimist", "album": "spendierhosen", "release": "2000", "streams": "500.000", "durationMin": "2", "durationSec": "38", "wordCount": "210", "singer": "Bela", "single": "false"},
    {"song": "Alles so einfach", "album": "spendierhosen", "release": "2000", "streams": "300.000", "durationMin": "4", "durationSec": "27", "wordCount": "171", "singer": "Farin", "single": "false"},
    {"song": "N 48.3", "album": "spendierhosen", "release": "2000", "streams": "800.000", "durationMin": "2", "durationSec": "52", "wordCount": "304", "singer": "Farin", "single": "false"},
    {"song": "Manchmal haben Frauen...", "album": "spendierhosen", "release": "2000", "streams": "12.400.000", "durationMin": "4", "durationSec": "16", "wordCount": "319", "singer": "Bela", "single": "true"},
    {"song": "Las Vegas", "album": "spendierhosen", "release": "2000", "streams": "400.000", "durationMin": "1", "durationSec": "48", "wordCount": "95", "singer": "Bela", "single": "false"},
    {"song": "Yoko Ono", "album": "spendierhosen", "release": "2000", "streams": "3.000.000", "durationMin": "0", "durationSec": "33", "wordCount": "45", "singer": "Farin", "single": "true"},
    {"song": "Rock Rendezvous", "album": "spendierhosen", "release": "2000", "streams": "600.000", "durationMin": "4", "durationSec": "8", "wordCount": "294", "singer": "Bela, Farin, Rod", "single": "false"},
    {"song": "Baby", "album": "spendierhosen", "release": "2000", "streams": "400.000", "durationMin": "4", "durationSec": "32", "wordCount": "270", "singer": "Farin", "single": "false"},
    {"song": "Kann es sein?", "album": "spendierhosen", "release": "2000", "streams": "300.000", "durationMin": "2", "durationSec": "47", "wordCount": "139", "singer": "Rod", "single": "false"},
    {"song": "Ein Sommer nur für mich", "album": "spendierhosen", "release": "2000", "streams": "5.000.000", "durationMin": "2", "durationSec": "53", "wordCount": "232", "singer": "Farin", "single": "false"},
    {"song": "Rock'n'Roll Übermensch", "album": "spendierhosen", "release": "2000", "streams": "700.000", "durationMin": "4", "durationSec": "48", "wordCount": "232", "singer": "Bela", "single": "true"},
    {"song": "Herrliche Jahre", "album": "spendierhosen", "release": "2000", "streams": "600.000", "durationMin": "3", "durationSec": "50", "wordCount": "269", "singer": "Farin", "single": "false"},

    {"song": "Poser, du bist ein...", "album": "/", "release": "2000", "streams": "0", "durationMin": "2", "durationSec": "2", "wordCount": "193", "singer": "Bela", "single": "false"},
    {"song": "Die Instrumente des Orchesters", "album": "/", "release": "2000", "streams": "0", "durationMin": "2", "durationSec": "38", "wordCount": "47", "singer": "Farin", "single": "false"},
    {"song": "Kpt. Blaubär", "album": "/", "release": "2000", "streams": "0", "durationMin": "4", "durationSec": "16", "wordCount": "180", "singer": "Bela", "single": "false"},

    {"song": "Rettet die Wale", "album": "/", "release": "2000", "streams": "0", "durationMin": "1", "durationSec": "50", "wordCount": "160", "singer": "Farin", "single": "false"},
    {"song": "Matthäus 1:5:0", "album": "/", "release": "2000", "streams": "0", "durationMin": "1", "durationSec": "4", "wordCount": "13", "singer": "Rod", "single": "false"},
    {"song": "Methan", "album": "/", "release": "2000", "streams": "0", "durationMin": "2", "durationSec": "18", "wordCount": "141", "singer": "Bela", "single": "false"},

    {"song": "Die Welt ist schlecht", "album": "/", "release": "2001", "streams": "0", "durationMin": "3", "durationSec": "44", "wordCount": "212", "singer": "Bela", "single": "false"},



    {"song": "Als ich den Punk erfand...", "album": "geraeusch", "release": "2003", "streams": "600.000", "durationMin": "1", "durationSec": "52", "wordCount": "164", "singer": "Bela", "single": "false"},
    {"song": "System", "album": "geraeusch", "release": "2003", "streams": "600.000", "durationMin": "2", "durationSec": "44", "wordCount": "124", "singer": "Farin", "single": "false"},
    {"song": "T-Error", "album": "geraeusch", "release": "2003", "streams": "400.000", "durationMin": "3", "durationSec": "37", "wordCount": "222", "singer": "Rod", "single": "false"},
    {"song": "Nicht allein", "album": "geraeusch", "release": "2003", "streams": "900.000", "durationMin": "5", "durationSec": "19", "wordCount": "290", "singer": "Farin", "single": "false"},
    {"song": "Dinge von denen", "album": "geraeusch", "release": "2003", "streams": "3.800.000", "durationMin": "3", "durationSec": "56", "wordCount": "284", "singer": "Rod", "single": "true"},
    {"song": "Der Grund", "album": "geraeusch", "release": "2003", "streams": "300.000", "durationMin": "2", "durationSec": "54", "wordCount": "131", "singer": "Bela", "single": "false"},
    {"song": "Geisterhaus", "album": "geraeusch", "release": "2003", "streams": "600.000", "durationMin": "3", "durationSec": "49", "wordCount": "191", "singer": "Rod", "single": "false"},
    {"song": "Ein Mann", "album": "geraeusch", "release": "2003", "streams": "500.000", "durationMin": "2", "durationSec": "18", "wordCount": "143", "singer": "Farin", "single": "false"},
    {"song": "Anders als beim letzten Mal", "album": "geraeusch", "release": "2003", "streams": "500.000", "durationMin": "4", "durationSec": "16", "wordCount": "309", "singer": "Farin", "single": "false"},
    {"song": "Ruhig angehn", "album": "geraeusch", "release": "2003", "streams": "400.000", "durationMin": "3", "durationSec": "24", "wordCount": "251", "singer": "Bela", "single": "false"},
    {"song": "Jag Älskar Sverige!", "album": "geraeusch", "release": "2003", "streams": "900.000", "durationMin": "3", "durationSec": "40", "wordCount": "292", "singer": "Farin", "single": "false"},
    {"song": "Richtig schön evil", "album": "geraeusch", "release": "2003", "streams": "400.000", "durationMin": "3", "durationSec": "21", "wordCount": "289", "singer": "Bela", "single": "false"},
    {"song": "Schneller leben", "album": "geraeusch", "release": "2003", "streams": "500.000", "durationMin": "3", "durationSec": "3", "wordCount": "252", "singer": "Farin", "single": "false"},
    {"song": "Unrockbar", "album": "geraeusch", "release": "2003", "streams": "10.500.000", "durationMin": "4", "durationSec": "1", "wordCount": "220", "singer": "Farin", "single": "true"},
    {"song": "Deine Schuld", "album": "geraeusch", "release": "2003", "streams": "35.500.00", "durationMin": "3", "durationSec": "35", "wordCount": "226", "singer": "Farin", "single": "true"},
    {"song": "Lovepower", "album": "geraeusch", "release": "2003", "streams": "500.000", "durationMin": "2", "durationSec": "31", "wordCount": "150", "singer": "Rod", "single": "false"},
    {"song": "Der Tag", "album": "geraeusch", "release": "2003", "streams": "900.000", "durationMin": "3", "durationSec": "48", "wordCount": "227", "singer": "Farin, Celina Bostic", "single": "false"},
    {"song": "Die Nacht", "album": "geraeusch", "release": "2003", "streams": "500.000", "durationMin": "4", "durationSec": "56", "wordCount": "266", "singer": "Bela", "single": "false"},
    {"song": "Nichts in der Welt", "album": "geraeusch", "release": "2003", "streams": "1.000.000", "durationMin": "3", "durationSec": "47", "wordCount": "257", "singer": "Farin", "single": "true"},
    {"song": "Die klügsten Männer der Welt", "album": "geraeusch", "release": "2003", "streams": "1.400.000", "durationMin": "3", "durationSec": "57", "wordCount": "157", "singer": "Bela", "single": "true"},
    {"song": "Piercing", "album": "geraeusch", "release": "2003", "streams": "300.000", "durationMin": "4", "durationSec": "17", "wordCount": "225", "singer": "Rod", "single": "false"},
    {"song": "Besserwisserboy", "album": "geraeusch", "release": "2003", "streams": "800.000", "durationMin": "3", "durationSec": "40", "wordCount": "242", "singer": "Farin", "single": "false"},
    {"song": "Anti-Zombie", "album": "geraeusch", "release": "2003", "streams": "600.000", "durationMin": "4", "durationSec": "9", "wordCount": "211", "singer": "Rod", "single": "false"},
    {"song": "Pro-Zombie", "album": "geraeusch", "release": "2003", "streams": "300.000", "durationMin": "2", "durationSec": "8", "wordCount": "159", "singer": "Farin", "single": "false"},
    {"song": "Wammw", "album": "geraeusch", "release": "2003", "streams": "600.000", "durationMin": "1", "durationSec": "51", "wordCount": "98", "singer": "Farin", "single": "false"},
    {"song": "Nichtwissen", "album": "geraeusch", "release": "2003", "streams": "300.000", "durationMin": "4", "durationSec": "58", "wordCount": "296", "singer": "Bela", "single": "false"},

    {"song": "Kontovollmacht...", "album": "/", "release": "2003", "streams": "0", "durationMin": "4", "durationSec": "40", "wordCount": "297", "singer": "Bela", "single": "false"},
    {"song": "Aus dem Tagebuch eines Amokläufers", "album": "/", "release": "2003", "streams": "0", "durationMin": "2", "durationSec": "36", "wordCount": "118", "singer": "Farin", "single": "false"},

    {"song": "Powerlove", "album": "/", "release": "2003", "streams": "0", "durationMin": "4", "durationSec": "36", "wordCount": "249", "singer": "Bela", "single": "false"},
    {"song": "Worum es geht", "album": "/", "release": "2003", "streams": "0", "durationMin": "2", "durationSec": "52", "wordCount": "153", "singer": "Farin", "single": "false"},



    {"song": "Füße vom Tisch", "album": "/", "release": "2005", "streams": "100.000", "durationMin": "7", "durationSec": "26", "wordCount": "352", "singer": "Bela, Farin", "single": "false"},



    {"song": "Himmelblau", "album": "jazz", "release": "2007", "streams": "15.400.000", "durationMin": "3", "durationSec": "18", "wordCount": "146", "singer": "Farin", "single": "true"},
    {"song": "Lied vom Scheitern", "album": "jazz", "release": "2007", "streams": "11.800.000", "durationMin": "3", "durationSec": "29", "wordCount": "326", "singer": "Bela", "single": "true"},
    {"song": "Breit", "album": "jazz", "release": "2007", "streams": "1.500.000", "durationMin": "3", "durationSec": "14", "wordCount": "251", "singer": "Rod", "single": "true"},
    {"song": "Lasse redn", "album": "jazz", "release": "2007", "streams": "70.200.000", "durationMin": "2", "durationSec": "49", "wordCount": "327", "singer": "Farin", "single": "true"},
    {"song": "Die ewige Maitresse", "album": "jazz", "release": "2007", "streams": "1.600.000", "durationMin": "2", "durationSec": "24", "wordCount": "175", "singer": "Bela, Farin", "single": "false"},
    {"song": "Junge", "album": "jazz", "release": "2007", "streams": "93.700.000", "durationMin": "3", "durationSec": "7", "wordCount": "225", "singer": "Farin", "single": "true"},
    {"song": "Nur einen Kuss", "album": "jazz", "release": "2007", "streams": "3.300.000", "durationMin": "4", "durationSec": "25", "wordCount": "341", "singer": "Farin", "single": "false"},
    {"song": "Perfekt", "album": "jazz", "release": "2007", "streams": "6.200.000", "durationMin": "2", "durationSec": "37", "wordCount": "212", "singer": "Bela", "single": "true"},
    {"song": "Heulerei", "album": "jazz", "release": "2007", "streams": "1.500.000", "durationMin": "2", "durationSec": "13", "wordCount": "128", "singer": "Farin", "single": "false"},
    {"song": "Licht am Ende des Sarges", "album": "jazz", "release": "2007", "streams": "1.100.000", "durationMin": "2", "durationSec": "47", "wordCount": "192", "singer": "Bela", "single": "false"},
    {"song": "Niedliches Liebeslied", "album": "jazz", "release": "2007", "streams": "800.000", "durationMin": "3", "durationSec": "40", "wordCount": "171", "singer": "Rod", "single": "false"},
    {"song": "Deine Freundin (wäre mir zu anstrengend)", "album": "jazz", "release": "2007", "streams": "1.100.000", "durationMin": "2", "durationSec": "13", "wordCount": "104", "singer": "Farin", "single": "false"},
    {"song": "Allein", "album": "jazz", "release": "2007", "streams": "2.300.000", "durationMin": "3", "durationSec": "50", "wordCount": "215", "singer": "Farin", "single": "false"},
    {"song": "Tu das nicht", "album": "jazz", "release": "2007", "streams": "900.000", "durationMin": "3", "durationSec": "52", "wordCount": "179", "singer": "Bela", "single": "false"},
    {"song": "Living Hell", "album": "jazz", "release": "2007", "streams": "2.400.000", "durationMin": "3", "durationSec": "41", "wordCount": "263", "singer": "Farin", "single": "false"},
    {"song": "Vorbei ist vorbei", "album": "jazz", "release": "2007", "streams": "1.700.000", "durationMin": "3", "durationSec": "4", "wordCount": "141", "singer": "Farin", "single": "false"},
    {"song": "Wir sind die Besten", "album": "jazz", "release": "2007", "streams": "2.000.000", "durationMin": "2", "durationSec": "28", "wordCount": "264", "singer": "Farin", "single": "false"},
    {"song": "Wir waren die Besten", "album": "jazz", "release": "2007", "streams": "600.000", "durationMin": "4", "durationSec": "14", "wordCount": "253", "singer": "Bela", "single": "false"},
    {"song": "Wir sind die Lustigsten", "album": "jazz", "release": "2007", "streams": "500.000", "durationMin": "4", "durationSec": "34", "wordCount": "172", "singer": "Rod", "single": "false"},
    {"song": "Nimm es wie ein Mann (a.k.a. Kurt Cobain)", "album": "jazz", "release": "2007", "streams": "0", "durationMin": "1", "durationSec": "57", "wordCount": "186", "singer": "Bela, Rod", "single": "false"},

    {"song": "Das schönste Lied der Welt", "album": "/", "release": "2007", "streams": "0", "durationMin": "2", "durationSec": "36", "wordCount": "286", "singer": "Bela", "single": "false"},
    {"song": "Tut mir leid", "album": "/", "release": "2007", "streams": "0", "durationMin": "3", "durationSec": "25", "wordCount": "409", "singer": "Bela", "single": "false"},

    {"song": "Nichts gesehen", "album": "/", "release": "2008", "streams": "0", "durationMin": "3", "durationSec": "49", "wordCount": "253", "singer": "Farin", "single": "false"},

    {"song": "Komm zu Papa", "album": "/", "release": "2008", "streams": "0", "durationMin": "3", "durationSec": "57", "wordCount": "196", "singer": "Bela", "single": "false"},



    {"song": "Ist das noch Punkrock?", "album": "auch", "release": "2012", "streams": "14.300.000", "durationMin": "2", "durationSec": "59", "wordCount": "237", "singer": "Farin", "single": "true"},
    {"song": "Bettmagnet", "album": "auch", "release": "2012", "streams": "900.000", "durationMin": "3", "durationSec": "7", "wordCount": "249", "singer": "Bela", "single": "false"},
    {"song": "Sohn der Leere", "album": "auch", "release": "2012", "streams": "800.000", "durationMin": "3", "durationSec": "44", "wordCount": "121", "singer": "Rod", "single": "true"},
    {"song": "TCR", "album": "auch", "release": "2012", "streams": "2.600.000", "durationMin": "3", "durationSec": "44", "wordCount": "295", "singer": "Farin", "single": "false"},
    {"song": "Das darfst du", "album": "auch", "release": "2012", "streams": "900.000", "durationMin": "3", "durationSec": "20", "wordCount": "218", "singer": "Bela", "single": "false"},
    {"song": "Tamagotchi", "album": "auch", "release": "2012", "streams": "800.000", "durationMin": "3", "durationSec": "6", "wordCount": "198", "singer": "Rod", "single": "false"},
    {"song": "M&F", "album": "auch", "release": "2012", "streams": "37.500.000", "durationMin": "4", "durationSec": "16", "wordCount": "233", "singer": "Farin", "single": "true"},
    {"song": "Freundschaft ist Kunst", "album": "auch", "release": "2012", "streams": "600.000", "durationMin": "3", "durationSec": "22", "wordCount": "170", "singer": "Bela", "single": "false"},
    {"song": "Angekumpelt", "album": "auch", "release": "2012", "streams": "600.000", "durationMin": "2", "durationSec": "34", "wordCount": "186", "singer": "Farin, Rod", "single": "false"},
    {"song": "Waldspaziergang mit Folgen", "album": "auch", "release": "2012", "streams": "2.900.000", "durationMin": "3", "durationSec": "27", "wordCount": "276", "singer": "Farin", "single": "true"},
    {"song": "Fiasko", "album": "auch", "release": "2012", "streams": "2.900.000", "durationMin": "2", "durationSec": "44", "wordCount": "206", "singer": "Farin", "single": "false"},
    {"song": "Miststück", "album": "auch", "release": "2012", "streams": "1.000.000", "durationMin": "3", "durationSec": "39", "wordCount": "203", "singer": "Bela", "single": "false"},
    {"song": "Das finde ich gut", "album": "auch", "release": "2012", "streams": "500.000", "durationMin": "2", "durationSec": "27", "wordCount": "106", "singer": "Rod", "single": "false"},
    {"song": "Cpt. Metal", "album": "auch", "release": "2012", "streams": "1.400.000", "durationMin": "4", "durationSec": "36", "wordCount": "255", "singer": "Farin", "single": "false"},
    {"song": "Die Hard", "album": "auch", "release": "2012", "streams": "600.000", "durationMin": "2", "durationSec": "20", "wordCount": "180", "singer": "Rod", "single": "false"},
    {"song": "zeiDverschwÄndung", "album": "auch", "release": "2012", "streams": "600.000", "durationMin": "2", "durationSec": "59", "wordCount": "217", "singer": "Bela", "single": "true"},

    {"song": "Mutig", "album": "/", "release": "2012", "streams": "0", "durationMin": "2", "durationSec": "17", "wordCount": "205", "singer": "Farin", "single": "false"},
    {"song": "Quadrophenia", "album": "/", "release": "2012", "streams": "0", "durationMin": "4", "durationSec": "48", "wordCount": "329", "singer": "Rod", "single": "false"},
    {"song": "Will dich zurück", "album": "/", "release": "2012", "streams": "0", "durationMin": "3", "durationSec": "19", "wordCount": "148", "singer": "Bela", "single": "false"},

    {"song": "Endstück des Eros", "album": "/", "release": "2012", "streams": "0", "durationMin": "2", "durationSec": "23", "wordCount": "186", "singer": "Bela", "single": "false"},
    {"song": "Generation Ä", "album": "/", "release": "2012", "streams": "0", "durationMin": "2", "durationSec": "20", "wordCount": "152", "singer": "Farin", "single": "false"},



    {"song": "Abschied", "album": "/", "release": "2019", "streams": "4.700.000", "durationMin": "3", "durationSec": "15", "wordCount": "244", "singer": "Bela, Farin", "single": "false"},
    {"song": "Rückkehr", "album": "/", "release": "2019", "streams": "4.000.000", "durationMin": "2", "durationSec": "56", "wordCount": "342", "singer": "Bela, Farin", "single": "false"},

    {"song": "Ein Lied für jetzt", "album": "/", "release": "2020", "streams": "2.800.000", "durationMin": "4", "durationSec": "15", "wordCount": "249", "singer": "Bela, Farin, Rod", "single": "true"},



    {"song": "E.V.J.M.F.", "album": "hell", "release": "2020", "streams": "1.800.000", "durationMin": "1", "durationSec": "43", "wordCount": "64", "singer": "Farin", "single": "false"},
    {"song": "PLAN B", "album": "hell", "release": "2020", "streams": "4.600.000", "durationMin": "3", "durationSec": "18", "wordCount": "267", "singer": "Farin", "single": "false"},
    {"song": "ACHTUNG: BIELEFELD", "album": "hell", "release": "2020", "streams": "3.100.000", "durationMin": "3", "durationSec": "33", "wordCount": "294", "singer": "Bela", "single": "true"},
    {"song": "WARUM SPRICHT NIEMAND ÜBER GITARRISTEN?", "album": "hell", "release": "2020", "streams": "2.400.000", "durationMin": "3", "durationSec": "22", "wordCount": "191", "singer": "Farin", "single": "false"},
    {"song": "MORGENS PAUKEN", "album": "hell", "release": "2020", "streams": "5.500.000", "durationMin": "4", "durationSec": "4", "wordCount": "285", "singer": "Farin, Rod", "single": "true"},
    {"song": "DAS LETZTE LIED DES SOMMERS", "album": "hell", "release": "2020", "streams": "4.800.000", "durationMin": "3", "durationSec": "19", "wordCount": "234", "singer": "Farin", "single": "false"},
    {"song": "CLOWN AUS DEM HOSPIZ", "album": "hell", "release": "2020", "streams": "2.400.000", "durationMin": "3", "durationSec": "5", "wordCount": "263", "singer": "Bela", "single": "false"},
    {"song": "ICH, AM STRAND", "album": "hell", "release": "2020", "streams": "10.500.000", "durationMin": "4", "durationSec": "21", "wordCount": "286", "singer": "Farin", "single": "true"},
    {"song": "TRUE ROMANCE", "album": "hell", "release": "2020", "streams": "8.200.000", "durationMin": "2", "durationSec": "50", "wordCount": "165", "singer": "Farin", "single": "true"},
    {"song": "EINMAL EIN BIER", "album": "hell", "release": "2020", "streams": "1.900.000", "durationMin": "1", "durationSec": "59", "wordCount": "242", "singer": "Bela", "single": "false"},
    {"song": "WER VERLIERT, HAT SCHON VERLOREN", "album": "hell", "release": "2020", "streams": "2.000.000", "durationMin": "4", "durationSec": "1", "wordCount": "198", "singer": "Farin", "single": "false"},
    {"song": "POLYESTER", "album": "hell", "release": "2020", "streams": "1.700.000", "durationMin": "4", "durationSec": "8", "wordCount": "134", "singer": "Rod", "single": "false"},
    {"song": "FEXXO CIGOL", "album": "hell", "release": "2020", "streams": "1.400.000", "durationMin": "3", "durationSec": "45", "wordCount": "195", "singer": "Bela", "single": "false"},
    {"song": "LIEBE GEGEN RECHTS", "album": "hell", "release": "2020", "streams": "2.000.000", "durationMin": "2", "durationSec": "21", "wordCount": "146", "singer": "Farin", "single": "false"},
    {"song": "ALLE AUF BRILLE", "album": "hell", "release": "2020", "streams": "1.400.000", "durationMin": "3", "durationSec": "28", "wordCount": "222", "singer": "Bela", "single": "false"},
    {"song": "THOR", "album": "hell", "release": "2020", "streams": "1.600.000", "durationMin": "2", "durationSec": "28", "wordCount": "274", "singer": "Farin", "single": "false"},
    {"song": "LEBEN VOR DEM TOD", "album": "hell", "release": "2020", "streams": "2.800.000", "durationMin": "4", "durationSec": "5", "wordCount": "213", "singer": "Farin", "single": "false"},
    {"song": "WOODBURGER", "album": "hell", "release": "2020", "streams": "2.000.000", "durationMin": "4", "durationSec": "16", "wordCount": "304", "singer": "Farin", "single": "false"},
    
    {"song": "KLAUS, PETER, WILLI UND PETRA", "album": "/", "release": "2021", "streams": "500.000", "durationMin": "2", "durationSec": "15", "wordCount": "196", "singer": "Farin", "single": "false"},



    {"song": "KFM", "album": "dunkel", "release": "2021", "streams": "1.200.000", "durationMin": "1", "durationSec": "27", "wordCount": "51", "singer": "Farin", "single": "false"},
    {"song": "WISSEN", "album": "dunkel", "release": "2021", "streams": "2.200.000", "durationMin": "3", "durationSec": "15", "wordCount": "201", "singer": "Farin", "single": "false"},
    {"song": "DUNKEL", "album": "dunkel", "release": "2021", "streams": "4.000.000", "durationMin": "3", "durationSec": "37", "wordCount": "258", "singer": "Bela", "single": "true"},
    {"song": "ANTI", "album": "dunkel", "release": "2021", "streams": "1.600.000", "durationMin": "3", "durationSec": "6", "wordCount": "143", "singer": "Farin", "single": "false"},
    {"song": "DOOF", "album": "dunkel", "release": "2021", "streams": "3.100.000", "durationMin": "3", "durationSec": "14", "wordCount": "265", "singer": "Bela", "single": "false"},
    {"song": "SCHREI", "album": "dunkel", "release": "2021", "streams": "1.200.000", "durationMin": "3", "durationSec": "3", "wordCount": "75", "singer": "Rod", "single": "false"},
    {"song": "KRAFT", "album": "dunkel", "release": "2021", "streams": "2.200.000", "durationMin": "4", "durationSec": "17", "wordCount": "321", "singer": "Farin", "single": "true"},
    {"song": "SCHWEIGEN", "album": "dunkel", "release": "2021", "streams": "1.100.000", "durationMin": "3", "durationSec": "50", "wordCount": "174", "singer": "Bela", "single": "false"},
    {"song": "TRISTESSE", "album": "dunkel", "release": "2021", "streams": "1.200.000", "durationMin": "3", "durationSec": "27", "wordCount": "179", "singer": "Farin", "single": "false"},
    {"song": "KERNGESCHÄFT", "album": "dunkel", "release": "2021", "streams": "1.000.000", "durationMin": "3", "durationSec": "53", "wordCount": "303", "singer": "Bela, Ebow", "single": "false"},
    {"song": "NOISE", "album": "dunkel", "release": "2021", "streams": "4.100.000", "durationMin": "3", "durationSec": "23", "wordCount": "217", "singer": "Bela, Farin", "single": "true"},
    {"song": "EINSCHLAG", "album": "dunkel", "release": "2021", "streams": "900.000", "durationMin": "3", "durationSec": "5", "wordCount": "179", "singer": "Bela", "single": "false"},
    {"song": "ANASTASIA", "album": "dunkel", "release": "2021", "streams": "1.000.000", "durationMin": "2", "durationSec": "42", "wordCount": "216", "singer": "Farin", "single": "false"},
    {"song": "BESSER", "album": "dunkel", "release": "2021", "streams": "700.000", "durationMin": "4", "durationSec": "1", "wordCount": "113", "singer": "Farin", "single": "false"},
    {"song": "NACHMITTAG", "album": "dunkel", "release": "2021", "streams": "800.000", "durationMin": "3", "durationSec": "54", "wordCount": "157", "singer": "Farin", "single": "false"},
    {"song": "MENSCHEN", "album": "dunkel", "release": "2021", "streams": "600.000", "durationMin": "2", "durationSec": "40", "wordCount": "122", "singer": "Bela", "single": "false"},
    {"song": "ERHABEN", "album": "dunkel", "release": "2021", "streams": "700.000", "durationMin": "4", "durationSec": "39", "wordCount": "213", "singer": "Farin", "single": "false"},
    {"song": "DANACH", "album": "dunkel", "release": "2021", "streams": "500.000", "durationMin": "3", "durationSec": "44", "wordCount": "272", "singer": "Bela", "single": "false"},
    {"song": "DEMOKRATIE", "album": "dunkel", "release": "2021", "streams": "3.000.000", "durationMin": "4", "durationSec": "0", "wordCount": "213", "singer": "Farin", "single": "true"},

    {"song": "AUSERZÄHLT", "album": "/", "release": "2021", "streams": "200.000", "durationMin": "2", "durationSec": "19", "wordCount": "97", "singer": "Bela", "single": "false"},
    {"song": "DOBLY", "album": "/", "release": "2021", "streams": "300.000", "durationMin": "2", "durationSec": "28", "wordCount": "129", "singer": "Farin", "single": "false"},

    {"song": "SCHRITTE", "album": "/", "release": "2021", "streams": "600.000", "durationMin": "3", "durationSec": "33", "wordCount": "280", "singer": "Farin", "single": "false"},

    {"song": "SCHULDSELBER", "album": "/", "release": "2022", "streams": "400.000", "durationMin": "2", "durationSec": "53", "wordCount": "230", "singer": "Bela", "single": "false"}
]