[
    {"song": "B-Vertüre", "icon": "bingo"},
    {"song": "Gitarre runter", "icon": "bingo"},
    {"song": "Tag mit Schutzumschlag", "icon": "bingo"},
    {"song": "Irgendetwas bleibt", "icon": "bingo"},
    {"song": "Traumfrau", "icon": "bingo"},
    {"song": "Letzter Tag", "icon": "bingo"},
    {"song": "Was ist nur los ...?", "icon": "bingo"},
    {"song": "1. 2. 3. ...", "icon": "bingo"},
    {"song": "Sie hat was vermisst", "icon": "bingo"},
    {"song": "Der Vampir mit dem Colt", "icon": "bingo"},
    {"song": "Versuchs doch mal mit mir", "icon": "bingo"},
    {"song": "Lee Hazlewood und das erste Lied des Tages", "icon": "bingo"},
    {"song": "Hab keine Angst", "icon": "bingo"},
    {"song": "ZappingsonG", "icon": "bingo"},
    {"song": "Wiehr thind sssuper", "icon": "bingo"},
    {"song": "Baby läuft fort", "icon": "bingo"},
    {"song": "Traumfrau again", "icon": "bingo"},
    {"song": "Loverboy", "icon": "bingo"},
    {"song": "Deutsche - kauft nicht bei Nazis", "icon": "bingo"},





    {"song": "Rockula", "icon": "codeb"},
    {"song": "Geburtstagsleid", "icon": "codeb"},
    {"song": "In diesem Leben", "icon": "codeb"},
    {"song": "Altes Arschloch Liebe", "icon": "codeb"},
    {"song": "Schwarz/Weiss", "icon": "codeb"},
    {"song": "Onenightstand", "icon": "codeb"},
    {"song": "Ninjababypowpow", "icon": "codeb"},
    {"song": "Hilf dir selbst", "icon": "codeb"},
    {"song": "Bobotanz", "icon": "codeb"},
    {"song": "Liebe und Benzin", "icon": "codeb"},
    {"song": "Als wir unsterblich waren", "icon": "codeb"},
    {"song": "Nein!", "icon": "codeb"},
    {"song": "Dein Schlaflied", "icon": "codeb"},
    {"song": "Der Wahrheit", "icon": "codeb"},
    {"song": "Satan, Gott und das Glück", "icon": "codeb"},
    {"song": "Do the Helmstedt", "icon": "codeb"},
    {"song": "Paris", "icon": "codeb"},





    {"song": "Abserviert", "icon": "bye"},
    {"song": "Wenn das mal Liebe wird", "icon": "bye"},
    {"song": "Streichholzmann", "icon": "bye"},
    {"song": "Der Sünder", "icon": "bye"},
    {"song": "Immer so sein", "icon": "bye"},
    {"song": "Sentimental", "icon": "bye"},
    {"song": "Teufelsküche", "icon": "bye"},
    {"song": "Nicht Nice", "icon": "bye"},
    {"song": "Belphegor", "icon": "bye"},
    {"song": "Verwöhn'", "icon": "bye"},
    {"song": "Bombe tickt", "icon": "bye"},
    {"song": "My Soul/Dein Herz", "icon": "bye"},
    {"song": "Peng!", "icon": "bye"},

    {"song": "Zu meiner Zeit", "icon": "immersoseinSingle"},




    {"song": "Der Dreck von Indian Creek", "icon": "bastard"},
    {"song": "Warum denn kein Chop Suey", "icon": "bastard"},
    {"song": "Das schwache Geschlecht", "icon": "bastard"},
    {"song": "Zuhaus", "icon": "bastard"},
    {"song": "Showdown", "icon": "bastard"},
    {"song": "Ode an das Bahnhofskino", "icon": "bastard"},
    {"song": "Noch warm und schon Sand drauf", "icon": "bastard"},
    {"song": "Missgeschick & Blei", "icon": "bastard"},
    {"song": "Einer bleibt liegen", "icon": "bastard"},
    {"song": "Bärenjagd", "icon": "bastard"},

    {"song": "Everybody Hates You When You're Popular", "icon": "einerbleibtSingle"},
    {"song": "Johnny Remember Me", "icon": "einerbleibtSingle"}
]