[
    {"before": "Jeden Morgen macht sie noch den", "gap": "Abwasch", "after": "bevor sie zur Schule geht", "song": "Trockenschütteln", "album": "sahne"},
    {"before": "Hast du kein", "gap": "Handtuch", "after": "nicht mal einen Lappen?", "song": "Trockenschütteln", "album": "sahne"},
    {"before": "Da spürte sie am", "gap": "Druck", "after": "ihres Kleidersaums, dass sie mal zum Lokus muss!", "song": "Trockenschütteln", "album": "sahne"},
    {"before": "[...] tret' ich mit einem Bein in 'nen großen", "gap": "Haufen", "after": "rein!", "song": "Shit-Man", "album": "sahne"},
    {"before": "Er kann doch gar nichts dafür, hängt seine", "gap": "Stiefel", "after": "aus der Tür", "song": "Shit-Man", "album": "sahne"},
    {"before": "Ich packte meine", "gap": "Tröte", "after": "und ging zum Fußballspiel", "song": "Shit-Man", "album": "sahne"},
    {"before": "Ich halt das nicht mehr aus, schmeißt diesen", "gap": "Stinker", "after": "raus!", "song": "Shit-Man", "album": "sahne"},
    {"before": "Immer sonntags muss ich", "gap": "Rasenmähen", "after": "", "song": "Rasenmähen", "album": "sahne"},
    {"before": "Meine Hoffnung ist das", "gap": "Wochenende", "after": "wenn nur Vater nicht immer Arbeit fände", "song": "Rasenmähen", "album": "sahne"},
    {"before": "Lieber würd' ich mit dir", "gap": "spazieren", "after": "gehen", "song": "Rasenmähen", "album": "sahne"},
    {"before": "In der Schule renn' ich um wie ein", "gap": "eingeschlossenes", "after": "Tier", "song": "Rasenmähen", "album": "sahne"},
    {"before": "Doch plötzlich fühlte ich mich wie ein", "gap": "Lappen", "after": "und stellte deutlich nun den Befund", "song": "Magen", "album": "sahne"},
    {"before": "[...] und zwar in", "gap": "Hessen", "after": "bei Onkel Fred", "song": "Magen", "album": "sahne"},
    {"before": "Im letzten", "gap": "Frühjahr", "after": "fuhren wir nach Flandern", "song": "Magen", "album": "sahne"},
    {"before": "Der", "gap": "Rummelplatz", "after": " ist ein ganz kunterbunter", "song": "Magen", "album": "sahne"},
    {"before": "Doch plötzlich fühlte ich mein", "gap": "Innenleben", "after": "sich etwas heben - ich wurde blass", "song": "Magen", "album": "sahne"},
    {"before": "Oh, Herz aller Liebste, gib' mir 1000", "gap": "Kokosnüsse", "after": "", "song": "Voodoo-Mann", "album": "sahne"},
    {"before": "Damit du heute nicht gehst, schenkst du mir bitte deine", "gap": "Füße", "after": "", "song": "Voodoo-Mann", "album": "sahne"},
    {"before": "Komm mit zu mir in meinen", "gap": "Hort", "after": "dann nehm' ich dich in einem fort", "song": "Voodoo-Mann", "album": "sahne"},
    {"before": "Doch anders als das Diskopack, trug sie 'nen", "gap": "Kartoffelsack", "after": "", "song": "Ökomädchen", "album": "sahne"},
    {"before": "Erhörst du mich, oh Mädchen mein, tret' ich bei", "gap": "Greenpeace", "after": "ein!", "song": "Ökomädchen", "album": "sahne"},
    {"before": "Legst du drauf wert, fress ich auch", "gap": "Gras", "after": "und trinke Fencheltee, ein ganzes Maß!", "song": "Ökomädchen", "album": "sahne"},
    {"before": "Strubbelig dein kurzes Haar,", "gap": "wasserblau", "after": "dein Augenpaar", "song": "Ökomädchen", "album": "sahne"},
    {"before": "Und lebst jetzt ganz bürgerlich am", "gap": "Bodensee", "after": "", "song": "Ökomädchen", "album": "sahne"},
    {"before": "Jeder hat ein", "gap": "Auto", "after": "das muss heut sein", "song": "Fahrrad fahr'n", "album": "sahne"},
    {"before": "Ich hol' mir neue", "gap": "Felgen", "after": "aus Leichtmetall und Krom", "song": "Fahrrad fahr'n", "album": "sahne"},
    {"before": "Ich werd jetzt Mitglied im", "gap": "Manta", "after": "Club Berlin!", "song": "Fahrrad fahr'n", "album": "sahne"},
    {"before": "[...] für etwas Wärme, Liebe, Nähe zu", "gap": "bezahlen", "after": "", "song": "Bezahlen", "album": "sahne"},
    {"before": "Doch ich weiß, ohne", "gap": "Preis", "after": "kein Fleiß!", "song": "Bezahlen", "album": "sahne"},
    {"before": "[...] fühl ich mich zunehmend bereit, für ein", "gap": "Rendezvous", "after": "für ein Lächeln nur", "song": "Bezahlen", "album": "sahne"},
    {"before": "Ich liebe dich wie ein", "gap": "Rhinozeros", "after": "dreh' mich um und schlafe ein", "song": "Schön", "album": "sahne"},
    {"before": "Ist mir langweilig, werde ich aktiv, stell so manchem", "gap": "Rocker", "after": "ein Bein", "song": "Schön", "album": "sahne"},
    {"before": "Ich steh' zwar nur auf dem", "gap": "Dancefloor", "after": "rum, doch ich bin der Superstar", "song": "Schön", "album": "sahne"},
    {"before": "Doch sie sagt: \"Nein, Du bist zu", "gap": "arm", "after": "Ich suche mir einen anderen Schwarm.\"", "song": "Lotto", "album": "sahne"},
    {"before": "Ich spiel schon seit Jahren in der", "gap": "Lotterie", "after": "doch gewonnen habe ich leider noch nie!", "song": "Lotto", "album": "sahne"},
    {"before": "Mein Auto", "gap": "rostet", "after": "mir unter dem Arsch weg", "song": "Lotto", "album": "sahne"},
    {"before": "Mit", "gap": "Paula", "after": "wollte ich einmal essen gehen, wir mussten an Huxey's Imbiss stehen", "song": "Lotto", "album": "sahne"},
    {"before": "Du bist wie ein", "gap": "Engel", "after": "im warmen Sommerwind", "song": "Butterblume", "album": "sahne"},
    {"before": "Die Dämmerung kommt, der", "gap": "Mond", "after": "scheint so fahl", "song": "Butterblume", "album": "sahne"},
    {"before": "Die Blumen die wiegen sich aufwärts den", "gap": "grauen", "after": "Himmel empor", "song": "Butterblume", "album": "sahne"},
    {"before": "Du trägst eine", "gap": "Rose", "after": "wie das Kind. Was macht das Kind?", "song": "Butterblume", "album": "sahne"}
]