[
    {"before": "Sperr jetzt deine", "gap": "Wohnung", "after": "zu und wirf den Schlüssel aus dem Fenster raus", "song": "Mehr", "album": "sonne"},
    {"before": "Ich bin zurück, du darfst", "gap": "durchdrehen", "after": "", "song": "Mehr", "album": "sonne"},
    {"before": "Total genial, brutal und", "gap": "kolossal", "after": "Und noch bescheidener als bisher", "song": "Mehr", "album": "sonne"},
    {"before": "Mein Herz ist", "gap": "voll", "after": "doch jemand fehlt", "song": "Mehr", "album": "sonne"},
    {"before": "Das ist ja grad die", "gap": "Schweinerei", "after": "Die Sonne scheint, als wäre nichts dabei", "song": "Sonne", "album": "sonne"},
    {"before": "Die Sonne scheint - ich", "gap": "hasse", "after": "sie dafür", "song": "Sonne", "album": "sonne"},
    {"before": "Es ist nicht wie im", "gap": "Film", "after": "Da stirbt der Held zum Schluss", "song": "Sonne", "album": "sonne"},
    {"before": "Man kann auch nicht", "gap": "zurückspulen", "after": "Um das Ende nicht zu sehn", "song": "Sonne", "album": "sonne"},
    {"before": "Und auch, wenn das jetzt", "gap": "kitschig", "after": "klingt, ich hab heut Nacht um dich geweint", "song": "Sonne", "album": "sonne"},
    {"before": "Es war so ein Moment, den man sonst aus dem", "gap": "Kino", "after": "kennt", "song": "Augenblick", "album": "sonne"},
    {"before": "Es gab nur noch das", "gap": "Meer ", "after": "und dich für mich", "song": "Augenblick", "album": "sonne"},
    {"before": "Du hast dich zu mir", "gap": "umgedreht", "after": "Die Haare war'n vom Wind verweht", "song": "Augenblick", "album": "sonne"},
    {"before": "Das", "gap": "Glück", "after": "ist immer da, wo du nicht bist", "song": "Porzellan", "album": "sonne"},
    {"before": "Schön", "gap": "ist nur das, was du verpasst", "after": "", "song": "Porzellan", "album": "sonne"},
    {"before": "Du siehst die anderen und dich packt die", "gap": "Wut", "after": "", "song": "Porzellan", "album": "sonne"},
    {"before": "Für immer Sklave der", "gap": "Angst", "after": "nie wirklich frei", "song": "Porzellan", "album": "sonne"},
    {"before": "Glück ist", "gap": "zerbrechlich", "after": "fass es vorsichtig an", "song": "Porzellan", "album": "sonne"},
    {"before": "In meinem Traum steh ich am", "gap": "Meer", "after": "Mit dem Gefühl, als ob es gleich zu Ende wär", "song": "Unter Wasser", "album": "sonne"},
    {"before": "Als ob das Meer ein", "gap": "Raubtier", "after": "wär", "song": "Unter Wasser", "album": "sonne"},
    {"before": "Und gehe unter wie ein", "gap": "Stein", "after": ", doch unter Wasser [...]", "song": "Unter Wasser", "album": "sonne"},
    {"before": "Doch unter Wasser kann man nicht", "gap": "schreien", "after": "", "song": "Unter Wasser", "album": "sonne"},
    {"before": "Wasser füllte meine", "gap": "Lunge", "after": "davon bin ich schließlich aufgewacht", "song": "Unter Wasser", "album": "sonne"},
    {"before": "Ich komm grad aus", "gap": "Amerika", "after": "war nicht so erfolgreich da", "song": "Wie ich den Marilyn-Manson-Ähnlichkeitswettbewerb verlor", "album": "sonne"},
    {"before": "Hab in", "gap": "Las Vegas", "after": "eingecheckt, keine Drogen im Gepäck", "song": "Wie ich den Marilyn-Manson-Ähnlichkeitswettbewerb verlor", "album": "sonne"},
    {"before": "Denn ich hab nicht mal ne", "gap": "Scheide", "after": "auf dem Bizeps tätowiert", "song": "Wie ich den Marilyn-Manson-Ähnlichkeitswettbewerb verlor", "album": "sonne"},
    {"before": "Ich bin nicht besonders", "gap": "evil", "after": "Es tut mir Leid", "song": "Wie ich den Marilyn-Manson-Ähnlichkeitswettbewerb verlor", "album": "sonne"},
    {"before": "Ich hab ein ganz normales", "gap": "Klo", "after": "nix mit Nieten oder so", "song": "Wie ich den Marilyn-Manson-Ähnlichkeitswettbewerb verlor", "album": "sonne"},
    {"before": "Ich trinke äußerst selten Blut,", "gap": "Urin", "after": "schmeckt fast genauso gut", "song": "Wie ich den Marilyn-Manson-Ähnlichkeitswettbewerb verlor", "album": "sonne"},
    {"before": "", "gap": "Menschenopfer", "after": "harte Drogen, sexuelle Hörigkeit-", "song": "Wie ich den Marilyn-Manson-Ähnlichkeitswettbewerb verlor", "album": "sonne"},
    {"before": "Du stehst gerade mal", "gap": "sechs", "after": "Meter oder so von mir entfernt", "song": "Unsichtbar", "album": "sonne"},
    {"before": "Und ich warte auf ein", "gap": "Wunder", "after": "und solange bleib ich hier", "song": "Unsichtbar", "album": "sonne"},
    {"before": "Ich warte auf ein", "gap": "Lächeln", "after": "einen Blick von dir", "song": "Unsichtbar", "album": "sonne"},
    {"before": "Und ich mach mich hier zum", "gap": "Affen", "after": "ja ich mach mich hier zum Heinz", "song": "Unsichtbar", "album": "sonne"},
    {"before": "Du greifst nach meiner Hand, die Nacht ist", "gap": "sternenklar", "after": "", "song": "Apocalypse wann anders", "album": "sonne"},
    {"before": "Das", "gap": "Klavier", "after": "schweigt lange schon, jetzt ist es totenstill", "song": "Apocalypse wann anders", "album": "sonne"},
    {"before": "Wir sitzen hier im", "gap": "Garten", "after": "und wir warten auf den Weltuntergang", "song": "Apocalypse wann anders", "album": "sonne"},
    {"before": "Und wenn die", "gap": "Prophezeiung", "after": "stimmt, dann dauert es auch gar nicht mehr lang", "song": "Apocalypse wann anders", "album": "sonne"},
    {"before": "Vielleicht öffnet sich ja die", "gap": "Erde", "after": "Es wäre mir ein Fest", "song": "Immer noch", "album": "sonne"},
    {"before": "Vielleicht gibt es sie ja wirklich, die große", "gap": "Gerechtigkeit", "after": "", "song": "Immer noch", "album": "sonne"},
    {"before": "Nicht immer nur dies furchtbare", "gap": "Vielleicht", "after": "", "song": "Immer noch", "album": "sonne"},
    {"before": "Ich hoffe nur meine", "gap": "Hoffnung", "after": "stirbt zuletzt", "song": "Immer noch", "album": "sonne"},
    {"before": "Es passierte am Abend des 4.", "gap": "April", "after": "Die Sonne ging unter [...]", "song": "Alle dasselbe", "album": "sonne"},
    {"before": "Nur ein paar", "gap": "Krähen", "after": "waren zu sehen, sie waren unterwegs, ich weiß nicht, wohin", "song": "Alle dasselbe", "album": "sonne"},
    {"before": "Sind Fremdworte in", "gap": "Rockmusik", "after": "legal", "song": "Alle dasselbe", "album": "sonne"},
    {"before": "Ich glaub, ich gründe nen", "gap": "Verein", "after": "Da darf kein anderer hinein", "song": "Alle dasselbe", "album": "sonne"},
    {"before": "Genug", "gap": "Vitamine", "after": "frisches Gemüse, kein Fett", "song": "Alle dasselbe", "album": "sonne"},
    {"before": "Nen MP3-Player mit Alles von", "gap": "Slayer", "after": "", "song": "Alle dasselbe", "album": "sonne"},
    {"before": "Nen mattschwarzen", "gap": "Wagen", "after": "schön tief und schön breit", "song": "Alle dasselbe", "album": "sonne"},
    {"before": "Ne Yacht in Pearl Harbor, ne", "gap": "Jolle", "after": "in Leer", "song": "Alle dasselbe", "album": "sonne"},
    {"before": "Und dazu noch ein", "gap": "Pony", "after": "und jemanden, der uns gern hat", "song": "Alle dasselbe", "album": "sonne"},
    {"before": "Du würdest alles für 'nen", "gap": "Notausgang", "after": " aus diesem Leben geben oder für ein Rettungsboot", "song": "Kein Zurück", "album": "sonne"},
    {"before": "Kein", "gap": "Kuss", "after": " im Regen und kein Sonnenuntergang", "song": "Kein Zurück", "album": "sonne"},
    {"before": "Soll denn das", "gap": "Zucken", "after": "deines Zeigefingers tatsächlich der letzte Akt in deinem Leben sein?", "song": "Kein Zurück", "album": "sonne"},
    {"before": "Keine zweite Chance und erst recht kein", "gap": "Happy End", "after": "", "song": "Kein Zurück", "album": "sonne"},
    {"before": "Man kennt ihn nur als den Mann mit der", "gap": "Posaune", "after": "", "song": "Dermitder", "album": "sonne"},
    {"before": "Ich trage keine", "gap": "Uhr", "after": "zum Glück", "song": "Dermitder", "album": "sonne"},
    {"before": "Die Sonne war inzwischen in", "gap": "Amerika", "after": "", "song": "Dermitder", "album": "sonne"},
    {"before": "Sein", "gap": "Schweigen", "after": "hallte durch das Haus", "song": "Dermitder", "album": "sonne"},
    {"before": "Er stand noch immer da so wie ein", "gap": "Denkmal", "after": "seiner selbst", "song": "Dermitder", "album": "sonne"},
    {"before": "Er trägt keinen", "gap": "Bart", "after": "und doch ist er hart", "song": "Dermitder", "album": "sonne"},
    {"before": "Er ist nicht der Junge mit der", "gap": "Mundharmonika", "after": "", "song": "Dermitder", "album": "sonne"},
    {"before": "Er", "gap": "raucht", "after": "ziemlich viel und das ist schlecht für sein Spiel", "song": "Dermitder", "album": "sonne"},
    {"before": "Bleib im", "gap": "Hellen", "after": "stehen, da, wo ich dich sehen kann", "song": "Dusche", "album": "sonne"},
    {"before": "Es begann mit meinem", "gap": "Fahrrad", "after": "Diesem elend falschen Stück", "song": "Dusche", "album": "sonne"},
    {"before": "Und die Krawatten hatten ein", "gap": "Attentat", "after": "geplant", "song": "Dusche", "album": "sonne"},
    {"before": "Und ich schlafe in der", "gap": "Dusche", "after": "weil die [...] ist normal", "song": "Dusche", "album": "sonne"},
    {"before": "Mein Kühlschrank hasst mich sowieso, er ist", "gap": "paranoid", "after": "", "song": "Dusche", "album": "sonne"},
    {"before": "Doch als mein Bettbezug mich", "gap": "beißen", "after": "wollte [...]", "song": "Dusche", "album": "sonne"},
    {"before": "Gestern Morgen flog der", "gap": "Toaster", "after": "mir ganz plötzlich um die Ohren", "song": "Dusche", "album": "sonne"},
    {"before": "Stirb! Stirb", "gap": "Fernseher", "after": "stirb!", "song": "Dusche", "album": "sonne"}
]