[
    {"before": "Und auch Gitarr'n gespielt von eurem", "gap": "Grafen", "after": "", "song": "B-Vertüre", "album": "bingo"},
    {"before": "Als spielten tausend", "gap": "Engel", "after": "ihre Harfen", "song": "B-Vertüre", "album": "bingo"},
    {"before": "Wunderbar und neu von unserm", "gap": "Pornoboy", "after": "", "song": "B-Vertüre", "album": "bingo"},
    {"before": "Ein", "gap": "Soloalbum", "after": "mit Tschingderassabum", "song": "B-Vertüre", "album": "bingo"},
    {"before": "Der", "gap": "Volksmund", "after": "nennt sie gern auch Mucker", "song": "Gitarre runter", "album": "bingo"},
    {"before": "Wir woll'n dein'n", "gap": "Sack", "after": "nicht seh'n", "song": "Gitarre runter", "album": "bingo"},
    {"before": "Als", "gap": "Schlagzeuger", "after": "mit nervösem Magen", "song": "Gitarre runter", "album": "bingo"},
    {"before": "Häng sie doch um, als hätt'st du sie grad", "gap": "aufgehoben", "after": "", "song": "Gitarre runter", "album": "bingo"},
    {"before": "", "gap": "Kindersex", "after": "im Internet, live im Kannibalenchat", "song": "Tag mit Schutzumschlag", "album": "bingo"},
    {"before": "Niemand, der sich heute", "gap": "beklagt", "after": "", "song": "Tag mit Schutzumschlag", "album": "bingo"},
    {"before": "Ein", "gap": "Wahlbetrüger", "after": "dumm wie'n Klo", "song": "Tag mit Schutzumschlag", "album": "bingo"},
    {"before": "Ein Tag, den jeder mag, der Tag mit", "gap": "Schutzumschlag", "after": "", "song": "Tag mit Schutzumschlag", "album": "bingo"},
    {"before": "Du hast gearbeitet wie ein", "gap": "Tier", "after": "Und es hat keinen intressiert", "song": "Irgendetwas bleibt", "album": "bingo"},
    {"before": "Doch nur dein", "gap": "Spiegelbild", "after": "hat applaudiert", "song": "Irgendetwas bleibt", "album": "bingo"},
    {"before": "Im Zweifel war es für die", "gap": "Kunst", "after": "Allein darauf lässt du's nicht beruh'n", "song": "Irgendetwas bleibt", "album": "bingo"},
    {"before": "Als Zeugnis für eine", "gap": "Hoffnung", "after": "ein zu früh versproch'nes Glück", "song": "Irgendetwas bleibt", "album": "bingo"},
    {"before": "Die", "gap": "Erkenntnis", "after": "trifft mich hart, ich verlier' die Contenance", "song": "Traumfrau", "album": "bingo"},
    {"before": "Hallo,", "gap": "Traumfrau", "after": "wie konnt' ich dich nur überseh'n?", "song": "Traumfrau", "album": "bingo"},
    {"before": "Das", "gap": "Mikrofon", "after": "in meiner Hand fängt plötzlich an zu glüh'n", "song": "Traumfrau", "album": "bingo"},
    {"before": "Der", "gap": "Tod", "after": "ist nichts auf das man sich konzentriert", "song": "Letzter Tag", "album": "bingo"},
    {"before": "Und selbst jetzt bist du", "gap": "stark", "after": "An deinem letzten Tag", "song": "Letzter Tag", "album": "bingo"},
    {"before": "Liebe ist eine Kunst, die mit viel", "gap": "Verständnis", "after": "funktioniert", "song": "Was ist nur los ...?", "album": "bingo"},
    {"before": "War der treueste", "gap": "Boy", "after": "den du jemals gekannt", "song": "Was ist nur los ...?", "album": "bingo"},
    {"before": "Fünf Uhr früh in der", "gap": "Nachtbar", "after": "Und noch längst kein Schlaf in Sicht", "song": "1. 2. 3. ...", "album": "bingo"},
    {"before": "Nennt mich", "gap": "Dirk", "after": "und hat uns Schnaps bestellt", "song": "1. 2. 3. ...", "album": "bingo"},
    {"before": "Drittens: Ich", "gap": "trinke", "after": "nicht mit jedem", "song": "1. 2. 3. ...", "album": "bingo"},
    {"before": "Drittens: Ich bin keiner von den", "gap": "Blöden", "after": "", "song": "1. 2. 3. ...", "album": "bingo"},
    {"before": "Das sieht nur so aus, als würd ich", "gap": "gehen", "after": "", "song": "1. 2. 3. ...", "album": "bingo"},
    {"before": "Bei uns zu Hause gehen alle", "gap": "rückwärts", "after": "", "song": "1. 2. 3. ...", "album": "bingo"},
    {"before": "Es ist einfach vorbei, ohne", "gap": "Streit", "after": "und Geschrei", "song": "Sie hat was vermisst", "album": "bingo"},
    {"before": "Die Flügel seines", "gap": "Pferdes", "after": "flattern leise im Wind", "song": "Der Vampir mit dem Colt", "album": "bingo"},
    {"before": "Doch er sinnt nicht nach Geld oder", "gap": "Gold", "after": "", "song": "Der Vampir mit dem Colt", "album": "bingo"},
    {"before": "Er zieht schneller als der", "gap": "Wind", "after": "und danach trinkt er dein Blut", "song": "Der Vampir mit dem Colt", "album": "bingo"},
    {"before": "Bei ihm nützt kein", "gap": "Knoblauch", "after": "und kein Kruzifix", "song": "Der Vampir mit dem Colt", "album": "bingo"},
    {"before": "Und lag später zwar", "gap": "schlauer", "after": "doch tot im Staub", "song": "Der Vampir mit dem Colt", "album": "bingo"},
    {"before": "Ein bisschen", "gap": "Kotze", "after": "kann doch auch ganz niedlich sein", "song": "Versuchs doch mal mit mir", "album": "bingo"},
    {"before": "Und manchmal riecht sie ein bisschen nach", "gap": "Schweiß", "after": "", "song": "Versuchs doch mal mit mir", "album": "bingo"},
    {"before": "All die", "gap": "Schönen", "after": "und Perfekten, das hier ist nicht ihr Revier", "song": "Versuchs doch mal mit mir", "album": "bingo"},
    {"before": "Millionäre,", "gap": "Architekten", "after": "die sind alle heut' nicht hier", "song": "Versuchs doch mal mit mir", "album": "bingo"},
    {"before": "Nimm doch mal einen", "gap": "Defekten", "after": "der passt eh besser zu dir", "song": "Versuchs doch mal mit mir", "album": "bingo"},
    {"before": "Das erste", "gap": "Lied", "after": "des Tages ist nur selten wirklich gut", "song": "Lee Hazlewood und das erste Lied des Tages", "album": "bingo"},
    {"before": "Wandert hinter unsre", "gap": "Stirn", "after": "die es danach nicht mehr verlässt", "song": "Lee Hazlewood und das erste Lied des Tages", "album": "bingo"},
    {"before": "Dann plötzlich kommt", "gap": "Lee Hazlewood", "after": "und sagt: \"Bela, genau so denk ich auch!\"", "song": "Lee Hazlewood und das erste Lied des Tages", "album": "bingo"},
    {"before": "Nachts an den", "gap": "Flüssen", "after": "der großen Stadt", "song": "Hab keine Angst", "album": "bingo"},
    {"before": "Drum kommst du abends spät nach Haus, lass den", "gap": "Fernseher", "after": "aus", "song": "ZappingsonG", "album": "bingo"},
    {"before": "Doch die", "gap": "Fernbedinung", "after": "hört nur auf mich allein", "song": "ZappingsonG", "album": "bingo"},
    {"before": "Schmeiss den", "gap": "Fernseher ", "after": "zum Fenster raus", "song": "ZappingsonG", "album": "bingo"},
    {"before": "Bevor ihr jetzt mit", "gap": "Eiern", "after": "werft, hört euch doch erst mal an, was mich so nervt", "song": "Wiehr thind sssuper", "album": "bingo"},
    {"before": "Wir sind pünktlich, wir sind", "gap": "fleißig", "after": "wir sind fromm", "song": "Wiehr thind sssuper", "album": "bingo"},
    {"before": "Deutschland ist ein", "gap": "Eimer", "after": "mit Strohhalmen drin", "song": "Wiehr thind sssuper", "album": "bingo"},
    {"before": "Deutschland wär doch viel lieber die", "gap": "USA", "after": "", "song": "Wiehr thind sssuper", "album": "bingo"},
    {"before": "Will sich die Finger verbrenn'n, bis zum", "gap": "Herzstillstand ", "after": "renn'n, so lang, bis alle erkenn'n", "song": "Baby läuft fort", "album": "bingo"},
    {"before": "Was stärker in ihr wühlt, ist die", "gap": "Neugier", "after": "die sie stets weiterführt", "song": "Baby läuft fort", "album": "bingo"},
    {"before": "Weil sie zu Haus nichts mehr hält, der zerfetzte", "gap": "Kokon", "after": "ihre Flügel verklebt", "song": "Baby läuft fort", "album": "bingo"},
    {"before": "Traumfrau, vor Aufregung musste ich fast", "gap": "brechen", "after": "", "song": "Traumfrau again", "album": "bingo"},
    {"before": "Hier allein mit meiner", "gap": "Ukulele", "after": "Traumfrau", "song": "Traumfrau again", "album": "bingo"},
    {"before": "Ich könnte dich", "gap": "erwürgen", "after": "ich bin wirklich angepisst", "song": "Loverboy", "album": "bingo"},
    {"before": "Neulich haben sich", "gap": "Außerirdische", "after": "in meinem Schlafzimmer materialisiert", "song": "Loverboy", "album": "bingo"},
    {"before": "Doch was daran so teuflisch ist, dass", "gap": "Deutsches", "after": "gut verkäuflich ist", "song": "Deutsche - kauft nicht bei Nazis", "album": "bingo"},
    {"before": "Sie machen", "gap": "Mode", "after": "und Musik, langweilen uns nicht mit Politik", "song": "Deutsche - kauft nicht bei Nazis", "album": "bingo"},
    {"before": "Das", "gap": "Rechte", "after": "ist so was von schick, Wie naiv kann man nur sein?", "song": "Deutsche - kauft nicht bei Nazis", "album": "bingo"}
]