[
    {"song": "B-Vertüre", "lyric": "Ein Soloalbum mit Tschingderassabum"},
    {"song": "B-Vertüre", "lyric": "Als spielten tausend Engel ihre Harfen"},
    {"song": "B-Vertüre", "lyric": "Wunderbar und neu von unserm Pornoboy"},
    {"song": "B-Vertüre", "lyric": "Bela, wir woll'n sofort mit dir schlafen"},
    {"song": "B-Vertüre", "lyric": "Und auch Gitarr'n gespielt von eurem Grafen"},

    {"song": "Gitarre runter", "lyric": "Wir woll'n dein'n Sack nicht seh'n"},
    {"song": "Gitarre runter", "lyric": "Frag nicht, warum sie mich aufregen (Diese Menschen ohne Sinn)"},
    {"song": "Gitarre runter", "lyric": "Kleine feuchte Griffbrettkucker (Sie spielen wie der Nikolaus)"},
    {"song": "Gitarre runter", "lyric": "Häng sie doch um, als hätt'st du sie grad aufgehob'n"},

    {"song": "Tag mit Schutzumschlag", "lyric": "Kindersex im Internet, live im Kannibalenchat"},
    {"song": "Tag mit Schutzumschlag", "lyric": "Niemand ist böse, weil niemand mehr streiten mag"},
    {"song": "Tag mit Schutzumschlag", "lyric": "Macht der Wunsch mich schon zum Verdächtigen?"},
    {"song": "Tag mit Schutzumschlag", "lyric": "Die NPD wirbt um unser Vertrau'n"},

    {"song": "Irgendetwas bleibt", "lyric": "Als Zeugnis für eine Hoffnung, ein zu früh versproch'nes Glück"},
    {"song": "Irgendetwas bleibt", "lyric": "Der Traum ist aus, er blieb nur für einen kurz'n Augenblick"},
    {"song": "Irgendetwas bleibt", "lyric": "Doch nur dein Spiegelbild hat applaudiert"},
    {"song": "Irgendetwas bleibt", "lyric": "Gelähmt vom allertiefst'm Schmerz, verfluchst du dein verletztes Herz"},

    {"song": "Traumfrau", "lyric": "Und während ich so singe, merk' ich: Hey, das ist geklaut"},
    {"song": "Traumfrau", "lyric": "Da vergess' ich doch den ganz'n Urheberrechtsscheiß"},
    {"song": "Traumfrau", "lyric": "Das Mikrofon in meiner Hand fängt plötzlich an zu glüh'n"},
    {"song": "Traumfrau", "lyric": "Ich steh' auf der Bühne und die Menge jubelt laut"},
    {"song": "Traumfrau", "lyric": "Jetzt macht mich einzig und allein das Engelsgesicht heiß"},
    {"song": "Traumfrau", "lyric": "Und dann passierts: Dein Blick trifft meinen und die Funk'n sprüh'n"},

    {"song": "Letzter Tag", "lyric": "Der Tod ist nichts auf das man sich konzentriert"},
    {"song": "Letzter Tag", "lyric": "Was mach' ich bloß, fühl' mich so hilflos"},
    {"song": "Letzter Tag", "lyric": "Ich wünsche mir so sehr, dass du noch etwas mehr Zeit hast"},
    {"song": "Letzter Tag", "lyric": "Weiß nicht, ob ich's ertrag und selbst jetzt bist du stark"},

    {"song": "Was ist nur los ...?", "lyric": "Ein falsches Wort von dir, schon bin ich wieder explodiert"},
    {"song": "Was ist nur los ...?", "lyric": "Liebe ist eine Kunst, die mit viel Verständnis funktioniert"},
    {"song": "Was ist nur los ...?", "lyric": "Doch es reicht ein Moment, bis die Luft wieder brennt"},

    {"song": "1. 2. 3. ...", "lyric": "Ich bin zum Denken hier, starre in mein Bier"},
    {"song": "1. 2. 3. ...", "lyric": "Nennt mich Dirk und hat uns Schnaps bestellt"},
    {"song": "1. 2. 3. ...", "lyric": "Denn erstens: Hi, ich bin der Bela"},
    {"song": "1. 2. 3. ...", "lyric": "Das sieht nur so aus, als würd ich gehn"},
    {"song": "1. 2. 3. ...", "lyric": "Bei uns zu Hause gehen alle rückwärts"},

    {"song": "Sie hat was vermisst", "lyric": "Sie ist gegangen und mit ihr ging auch dein Glück"},
    {"song": "Sie hat was vermisst", "lyric": "Ja sie ist gegangen, denn sie hat dich vermisst"},
    {"song": "Sie hat was vermisst", "lyric": "So hat sie sich entfernt, sie wurde garstig wie Bernd"},

    {"song": "Der Vampir mit dem Colt", "lyric": "Man weiß nicht, wer er ist, nur: Ihn zu treffen ist nicht gut"},
    {"song": "Der Vampir mit dem Colt", "lyric": "Er zieht schneller als der Wind und danach trinkt er dein Blut"},
    {"song": "Der Vampir mit dem Colt", "lyric": "Und es war seine Leiche, die man kurz darauf fand"},
    {"song": "Der Vampir mit dem Colt", "lyric": "Bei ihm nützt kein Knoblauch und kein Kruzifix"},
    {"song": "Der Vampir mit dem Colt", "lyric": "Und lag später zwar schlauer, doch tot im Staub"},

    {"song": "Versuchs doch mal mit mir", "lyric": "Ich kann nichts tun, und mir wird schlecht"},
    {"song": "Versuchs doch mal mit mir", "lyric": "Das große Glück ist manchmal auch ganz klein"},
    {"song": "Versuchs doch mal mit mir", "lyric": "Ein bisschen Kotze kann doch auch ganz niedlich sein"},
    {"song": "Versuchs doch mal mit mir", "lyric": "Millionäre, Architekten, die sind alle heut' nicht hier"},
    {"song": "Versuchs doch mal mit mir", "lyric": "Nimm doch mal einen Defekten, der passt eh besser zu dir"},
    {"song": "Versuchs doch mal mit mir", "lyric": "Hey Mädchen, ich bin der Mann für dir"},

    {"song": "Lee Hazlewood und das erste Lied des Tages", "lyric": "Das erste Lied des Tages ist nur selten wirklich gut"},
    {"song": "Lee Hazlewood und das erste Lied des Tages", "lyric": "Life's too short to share bad tunes, smash the radio on the wall"},

    {"song": "Hab keine Angst", "lyric": "Ich ging in tiefdunkler Nacht am Ufer entlang"},
    {"song": "Hab keine Angst", "lyric": "während er still in meinen Armen ruht, trink ich sein Blut"},

    {"song": "ZappingsonG", "lyric": "Doch ein einziger Telefonsex Spot, kann dir die Nacht versauen"},
    {"song": "ZappingsonG", "lyric": "Doch die Fehrnbedinung hört nur auf mich allein"},
    {"song": "ZappingsonG", "lyric": "Keine Videos mehr, nur Klingeltöne"},
    {"song": "ZappingsonG", "lyric": "Ich grab sie ein, gleich hinterm Haus"},
    {"song": "ZappingsonG", "lyric": "Schmeiss den Fernseher zum Fenster raus"},

    {"song": "Wiehr thind sssuper", "lyric": "Deutschland ist ein Eimer mit Strohhalmen drin"},
    {"song": "Wiehr thind sssuper", "lyric": "Deutschland sind zwei Zentner mit 'nem Doppelkinn"},
    {"song": "Wiehr thind sssuper", "lyric": "Wir sind super - wir sind einfach toll"},
    {"song": "Wiehr thind sssuper", "lyric": "Wir sind pünktlich, wir sind fleißig, wir sind fromm"},
    {"song": "Wiehr thind sssuper", "lyric": "Pardon, ich kann die Freude leider nicht ganz teilen"},

    {"song": "Baby läuft fort", "lyric": "So hat sie nie gefühlt, sich selbst noch nie so tief gespürt"},
    {"song": "Baby läuft fort", "lyric": "Baby sucht den Ort, der ihr gefällt"},
    {"song": "Baby läuft fort", "lyric": "Dorthin, wo sie geliebt und verstanden wird, ihren Träumen hinterher"},

    {"song": "Traumfrau again", "lyric": "Du hast eh nur meinen Boss geseh'n"},
    {"song": "Traumfrau again", "lyric": "Was hier am Boden verwehst ist mein Herz"},

    {"song": "Loverboy", "lyric": "Ich könnte dich erwürgen, ich bin wirklich angepisst"},
    {"song": "Loverboy", "lyric": "Ich tu' dir weh, du tust mir weh, das ewig gleiche Spiel"},
    {"song": "Loverboy", "lyric": "Im Stursein sind wir wirklich gut, doch was ist unser Ziel?"},
    {"song": "Loverboy", "lyric": "\"Ihr kleinen grünen Arschlöcher könnt mich mal\""},
    {"song": "Loverboy", "lyric": "Und einen Besseren gibt's für dich nicht mal für Geld"},

    {"song": "Deutsche - kauft nicht bei Nazis", "lyric": "Und wieder einmal sind sie laut, dürfen im Parlament krakeelen"},
    {"song": "Deutsche - kauft nicht bei Nazis", "lyric": "So weit, so deutsch, so national"},
    {"song": "Deutsche - kauft nicht bei Nazis", "lyric": "Bist du auf beiden Augen blind? Ihre Parolen riechen ranzig"},
    {"song": "Deutsche - kauft nicht bei Nazis", "lyric": "Das ist doch alles halb so schlimm die haben doch nur 'ne and're Meinung"},
    {"song": "Deutsche - kauft nicht bei Nazis", "lyric": "Das Rechte ist so was von schick, wie naiv kann man nur sein?"},





    {"song": "Rockula", "lyric": "Es werde Licht sprach der Boss und es ward sofort hell"},
    {"song": "Rockula", "lyric": "Da steht Bingo - Bela - Superstar"},
    {"song": "Rockula", "lyric": "Hallo Leute der Herr B ist zurück"},
    {"song": "Rockula", "lyric": "Er ist der Humanboss Graf Rockula"},
    {"song": "Rockula", "lyric": "Sag mal warum spricht der Typ in der 3. Person von sich"},
    {"song": "Rockula", "lyric": "Sie sind die Kings, er und seine Bingowings"},

    {"song": "Geburtstagsleid", "lyric": "Und zum Geburtstag wünsch' ich dir, dass du uns vergibst"},
    {"song": "Geburtstagsleid", "lyric": "All die Schwere, all die Leere, dch denk' schon wieder daran"},
    {"song": "Geburtstagsleid", "lyric": "Doch in mir tobt ein Orkan, wann gewöhn' ich mich daran"},
    {"song": "Geburtstagsleid", "lyric": "Dir etwas zu schenken steht mir auch gar nicht zu"},
    {"song": "Geburtstagsleid", "lyric": "Dir einen Kuchen backen, neben so vielen anderen Dingen"},

    {"song": "In diesem Leben", "lyric": "Es geht mir so gut, ich bin mir selbst ganz fremd"},
    {"song": "In diesem Leben", "lyric": "Ich geh wie durch einen Korridor aus weichem, warmen Licht"},
    {"song": "In diesem Leben", "lyric": "Die Sonne brennt ihr Monogramm auf meinen Penis"},
    {"song": "In diesem Leben", "lyric": "Die Vergangenheit scheint nur noch Parodie"},
    {"song": "In diesem Leben", "lyric": "Um all die vertane Zeit, tut es mir irgendwie leid"},

    {"song": "Altes Arschloch Liebe", "lyric": "Geh zu Leuten die dich wollen"},
    {"song": "Altes Arschloch Liebe", "lyric": "Bitte komm zurück, ach, Scheiße was red ich?"},
    {"song": "Altes Arschloch Liebe", "lyric": "Bitte lass es sein, mir gehts gut allein"},
    {"song": "Altes Arschloch Liebe", "lyric": "Ich bin fertg mit dir willst du das nicht verstehen"},
    {"song": "Altes Arschloch Liebe", "lyric": "Und hinter her die selbe Mär wieder geweint"},

    {"song": "Schwarz/Weiss", "lyric": "Und die Draufgänger doch eher schüchtern"},
    {"song": "Schwarz/Weiss", "lyric": "Wo hast du nur den Scheiß her?"},
    {"song": "Schwarz/Weiss", "lyric": "Irgendwann kannst auch du die Farben sehen"},
    {"song": "Schwarz/Weiss", "lyric": "Die Guten sind ganz oft die Schlechten"},
    {"song": "Schwarz/Weiss", "lyric": "Nur die Weiß-Blauen sind nie die Braun-Weißen"},

    {"song": "Onenightstand", "lyric": "Wir hatten unseren Spaß, was passiert ist, ist passiert"},
    {"song": "Onenightstand", "lyric": "Jetzt erwartet ihr sicher den moralischen Twist"},
    {"song": "Onenightstand", "lyric": "Promiskuität ist nicht nur wegen Aids sehr schlecht"},
    {"song": "Onenightstand", "lyric": "Oh Baby, vergiss nicht, mich zu vergessen"},
    {"song": "Onenightstand", "lyric": "Und ich glaube es waren auch Substanzen im Spiel"},

    {"song": "Ninjababypowpow", "lyric": "Bin in ihr versunken, hab das Gift gern getrunken"},
    {"song": "Ninjababypowpow", "lyric": "Vielleicht wird sie mich töten und ich werde dafür beten"},
    {"song": "Ninjababypowpow", "lyric": "Sie soll über mich richten, mich gänzlich vernichten"},
    {"song": "Ninjababypowpow", "lyric": "Ich werde ihre eiskalte Hitze spüren"},
    {"song": "Ninjababypowpow", "lyric": "Die unerträglichen Schmerzen sind es absolut wert"},

    {"song": "Hilf dir selbst", "lyric": "Das Gras ist grün, Urin ist gelb"},
    {"song": "Hilf dir selbst", "lyric": "Help yourself heißt: \"Nimm es dir\""},
    {"song": "Hilf dir selbst", "lyric": "Hilfe, Hilfe, ihr Verbrecher, ihr lasst mich allein"},
    {"song": "Hilf dir selbst", "lyric": "Warum will mir keiner helfen, auch nicht der, der von mir lebt"},
    {"song": "Hilf dir selbst", "lyric": "Die Nacht ist schwarz, so viel steht fest"},

    {"song": "Bobotanz", "lyric": "Über Serien lachen bobo, Karriere machen bobo"},
    {"song": "Bobotanz", "lyric": "Wir ham uns alle lieb-o, nur Olli macht den Bibo"},
    {"song": "Bobotanz", "lyric": "Wenig Strom verbrauchen bobo, Zigarre rauchen bobo"},

    {"song": "Liebe und Benzin", "lyric": "Ich bin der König auf dem Loserthron"},
    {"song": "Liebe und Benzin", "lyric": "Das Pech hat ein Haus gebaut und ich darf da mietfrei wohnen"},
    {"song": "Liebe und Benzin", "lyric": "Gimme all your money and I won't shoot"},
    {"song": "Liebe und Benzin", "lyric": "Luck always was something I never had"},

    {"song": "Als wir unsterblich waren", "lyric": "Hauptsache, du warst Mitglied in einer Band"},
    {"song": "Als wir unsterblich waren", "lyric": "Machten wir schlimme Dinge mit unseren Haaren"},
    {"song": "Als wir unsterblich waren", "lyric": "Und weil jede neue Platte, die nächste Wahrheit hatte"},
    {"song": "Als wir unsterblich waren", "lyric": "Musik als Zentrum, denn sie gab uns den Sinn"},
    {"song": "Als wir unsterblich waren", "lyric": "Waren wir blass und kränklich, wir schwankten bedenklich"},

    {"song": "Nein!", "lyric": "Warum soll ich in dein Glashaus einziehen?"},
    {"song": "Nein!", "lyric": "Stör mich nicht beim Vergeuden meiner Zeit"},
    {"song": "Nein!", "lyric": "Von mir kommt maximal ein Nein"},
    {"song": "Nein!", "lyric": "Hast du's schon mal bei deiner Wand probiert?"},

    {"song": "Dein Schlaflied", "lyric": "Du musst dich für uns beide ausruhen"},
    {"song": "Dein Schlaflied", "lyric": "Und wenn ein Sturm aufzieht deck ich dich zu"},
    {"song": "Dein Schlaflied", "lyric": "Es gibt Träume, die auf dich warten"},
    {"song": "Dein Schlaflied", "lyric": "Du musst jetzt schlafen, denn sie rufen dich"},

    {"song": "Der Wahrheit", "lyric": "Wenn Wahrheit in uns allen liegt, warum ist sie so rar"},
    {"song": "Der Wahrheit", "lyric": "Dem Phönix aus der Asche gleich, erhebt sie sich empor"},
    {"song": "Der Wahrheit", "lyric": "Oh Lüge, wir bedanken uns, tanzen auf deinem Fest"},

    {"song": "Satan, Gott und das Glück", "lyric": "Scheiß auf Darwins Affen, Gott ist geil!"},
    {"song": "Satan, Gott und das Glück", "lyric": "Weil ich verliebt ins Unglück bin, ich werd' wohl nie zum Glauben finden"},

    {"song": "Do the Helmstedt", "lyric": "Tausend Tacken, Partyspacken, sometimes it's too much"},
    {"song": "Do the Helmstedt", "lyric": "But all you need is do the Helmstedt, hop my horsy hop"},
    {"song": "Do the Helmstedt", "lyric": "Halli, hallo, you party rats, who dance up all the night?"},
    {"song": "Do the Helmstedt", "lyric": "Put the mother to the fucker, tell me what that spell?"},

    {"song": "Paris", "lyric": "Ich seh' dir an, wie du verzweifelst an der Bürde dieser Welt"},
    {"song": "Paris", "lyric": "Obwohl deine Welt stets grau ist, siehst du alles in Schwarz und Weiß"},
    {"song": "Paris", "lyric": "Dann gäb's Paris doch ganz umsonst"},





    {"song": "Abserviert", "lyric": "Du hast in deinem Haus endlich ausgefegt"},
    {"song": "Abserviert", "lyric": "Sie haben dir prognostiziert, das dein Weg zum Abgrund dich führt"},
    {"song": "Abserviert", "lyric": "In dein neues Leben spaziert, jetzt bist du frei frei frei"},
    {"song": "Abserviert", "lyric": "Hat prima funktioniert, nichts schlimmes ist dir passiert"},

    {"song": "Wenn das mal Liebe wird", "lyric": "Das mit uns geht gut - solange jeder immer nur das tut"},
    {"song": "Wenn das mal Liebe wird", "lyric": "Freiheit hier und Freiheit da - Freiheit, Freude, Hopsassa"},
    {"song": "Wenn das mal Liebe wird", "lyric": "Angst gibt nie 'nen guten Rat - Angst hat meist nur Angst am Start"},
    {"song": "Wenn das mal Liebe wird", "lyric": "Mal sehen, wer dann noch kann?!"},

    {"song": "Streichholzmann", "lyric": "Da fing sie an zu glühen und sie sind aneinander verbrannt"},
    {"song": "Streichholzmann", "lyric": "Wenn die Glut erlischt, bleibt am Ende nischt"},
    {"song": "Streichholzmann", "lyric": "Die Tochter hütete den Hof, da kam ein Junge auf dem Motorrad"},
    {"song": "Streichholzmann", "lyric": "Ein tragischer Unfall beendete dann jäh ihr junges Glück"},

    {"song": "Der Sünder", "lyric": "So genieß ich den Weg zu meinem Untergang"},
    {"song": "Der Sünder", "lyric": "Der Pastor hat gesagt: \"Halt dich fern!\""},

    {"song": "Immer so sein", "lyric": "Wenn ich ehrlich bin dann hab ich eine scheiß Angst davor"},
    {"song": "Immer so sein", "lyric": "[...] dass hier bleibt für immer wär doch nicht schlecht"},
    {"song": "Immer so sein", "lyric": "Würde es dich freuen könnte das mit uns zwein für immer so sein"},

    {"song": "Sentimental", "lyric": "Ich sitz auf einem Spermafleck"},
    {"song": "Sentimental", "lyric": "Ganz banal leide ich ganz abnormal"},
    {"song": "Sentimental", "lyric": "Unsere Säfte vereinten sich, doch sie gingen nicht"},
    {"song": "Sentimental", "lyric": "Du bist weg, nichts blieb, nur ein kleiner Fleck"},

    {"song": "Teufelsküche", "lyric": "Ich hab ne jungfrau ohne nahmen befleckt"},
    {"song": "Teufelsküche", "lyric": "Hab nen mongolen ein herz tättowiert und einen stier mit bloßen händen kastriert"},
    {"song": "Teufelsküche", "lyric": "Hab hab in der spree ne tote katze versenkt"},

    {"song": "Nicht Nice", "lyric": "Und als der Weisswein alle war - tranken wir ihr Bier"},
    {"song": "Nicht Nice", "lyric": "Wenn mir was fehlt dann weiss ich wer das war..."},
    
    {"song": "Belphegor", "lyric": "Du bist gut und ich quäle dich dafür"},
    {"song": "Belphegor", "lyric": "Du liebst die Freiheit und ich nehm' sie dir"},

    {"song": "Verwöhn'", "lyric": "Du sagst zwar du hast Kopfweh, nun das werden wir ja seh'n"},
    {"song": "Verwöhn'", "lyric": "Ich lass ein bisschen Licht an denn ich will dir in die Augen seh'n"},
    {"song": "Verwöhn'", "lyric": "Wünschte ich könnte dich für immer bis zum Tode so verwöh'n"},

    {"song": "Bombe tickt", "lyric": "In dieser Welt voll Mist und Gestank"},
    {"song": "Bombe tickt", "lyric": "Alles kurz und klein zu hauen, gäb es da nicht all die Frauen"},

    {"song": "My Soul/Dein Herz", "lyric": "Du sagst, die Antwort kommt vom Hufenmann"},
    {"song": "My Soul/Dein Herz", "lyric": "Der Teufel wird hier leer ausgehen, denn meine seele gehört dir"},
    {"song": "My Soul/Dein Herz", "lyric": "Just take my soul right now, right here"},

    {"song": "Peng!", "lyric": "Ich hör von ferne die Sirenen, in 10 Minuten sind sie hier"},
    {"song": "Peng!", "lyric": "Ein Geräusch zerriss die Luft und nahm dich mir"},
    {"song": "Peng!", "lyric": "Und ich visiere, hör von der Türe die Explosion"},
    {"song": "Peng!", "lyric": "Ein Geräusch zerreißt die Luft - ich folge dir"},


    {"song": "Zu meiner Zeit", "lyric": "Etwas gehüllt, alles geschieht doch immer zu seiner Zeit"},
    {"song": "Zu meiner Zeit", "lyric": "2012 Weltuntergang - ach, war das herrlich"},
    {"song": "Zu meiner Zeit", "lyric": "Die Welt krankt an Neid und Gier, was aus dir wird, liegt an dir"},





    {"song": "Der Dreck von Indian Creek", "lyric": "Die Küste der Frauen schmecken nach Teer"},
    {"song": "Der Dreck von Indian Creek", "lyric": "Der Staub klebt hier selbst trocken ewig auf deiner Haut"},
    {"song": "Der Dreck von Indian Creek", "lyric": "Hier macht man Seife aus Schlamm, Heugabeln dienen als Kamm"},
    {"song": "Der Dreck von Indian Creek", "lyric": "Es gibt nur ein Gewürz und das ist Schmutz"},
    {"song": "Der Dreck von Indian Creek", "lyric": "Es gab versuche hier dem Dreck Herr zu werden"},

    {"song": "Warum denn kein Chop Suey", "lyric": "Schienen für den Zug-Verkehr legten sie in die Prärie"},
    {"song": "Warum denn kein Chop Suey", "lyric": "Sie brachten Nopio mit und ihr Kung Fu"},
    {"song": "Warum denn kein Chop Suey", "lyric": "Für wenig Geld, für viel zu wenig Geld"},
    {"song": "Warum denn kein Chop Suey", "lyric": "Ching Chang Chong - all night long"},
    {"song": "Warum denn kein Chop Suey", "lyric": "Mike, hau mal in den China Gong"},

    {"song": "Das schwache Geschlecht", "lyric": "Die Frauen im wilden Westen waren überaus beliebt"},
    {"song": "Das schwache Geschlecht", "lyric": "Sagt man dazu wirklich, das zarte Geschlecht?"},
    {"song": "Das schwache Geschlecht", "lyric": "Denn sie lebten mit der linken Hand aber schossen dann mit Rechts"},
    {"song": "Das schwache Geschlecht", "lyric": "Die Frauen waren in Wirklichkeit die besseren Männer"},

    {"song": "Zuhaus", "lyric": "Ich habe eine Heimat, die keine Heimat mehr ist"},
    {"song": "Zuhaus", "lyric": "Weg von der Erde, in der meine Eltern längst ruhen"},
    {"song": "Zuhaus", "lyric": "Ein leben auf Papier, ungelesen zerknüllt"},

    {"song": "Showdown", "lyric": "Und die Geier wechseln ihr Besteck, bald schon ist ihr Tisch gedeckt "},
    {"song": "Showdown", "lyric": "Durch die Straße rollt ein tumbleweed und du pfeifst ein unbekanntes Lied"},
    {"song": "Showdown", "lyric": "Nur mein Pferd ließ ich am leben"},

    {"song": "Ode an das Bahnhofskino", "lyric": "Und einen Wehrwolf Marathon bis zum Ende durchsteht"},
    {"song": "Ode an das Bahnhofskino", "lyric": "Ein Zombie hing am Glockenseil ist unsere Kühn"},
    {"song": "Ode an das Bahnhofskino", "lyric": "Wo ist die Frau, die weiß, wer Kidna Tividat ist?"},

    {"song": "Noch warm und schon Sand drauf", "lyric": "Mein Colt ist dein Fahrstuhl zum Schafott"},
    {"song": "Noch warm und schon Sand drauf", "lyric": "Du bist noch warm, da türmt sich auf dir schon der Sand"},
    {"song": "Noch warm und schon Sand drauf", "lyric": "Meiner Bleipuste ist's egal, sie zeigt euch den Weg zu Gott"},

    {"song": "Missgeschick & Blei", "lyric": "Kaffee so schwarz, wie der tiefste Fluss"},
    {"song": "Missgeschick & Blei", "lyric": "Sterb' ich allein an Missgeschick und Blei"},
    {"song": "Missgeschick & Blei", "lyric": "[...] meine Seele kannst du haben, aber Finger weg von meinen Boots"},

    {"song": "Einer bleibt liegen", "lyric": "Der Wecker geht, ich habe keine Lust"},
    {"song": "Einer bleibt liegen", "lyric": "Ach, wenn das Leben doch nur wie im Western wär"},
    {"song": "Einer bleibt liegen", "lyric": "Mein Körper riecht nach grundehrlichem Dreck"},
    {"song": "Einer bleibt liegen", "lyric": "Die tollsten Frauen sind die, die auf Kuhmist stehen"},
    {"song": "Einer bleibt liegen", "lyric": "Ich wünsch mir einen Galgen und dazu noch einen Baum"},
    {"song": "Einer bleibt liegen", "lyric": "Kaffee und Whiskey, manchmal Bohnen mit Speck"},
    {"song": "Einer bleibt liegen", "lyric": "Doch für mein Pferd, da lass ich jede Schönheit gehen"},

    {"song": "Bärenjagd", "lyric": "Eine Frau und ein Bär und ein Gewehr"},
    {"song": "Bärenjagd", "lyric": "Und läuft das Tier ihm dann vors Rohr"},
    {"song": "Bärenjagd", "lyric": "Im Leben als Feind und nun im Tode vereint"},


    {"song": "Everybody Hates You When You're Popular", "lyric": "So don't climb up to high, don't believe that you can fly"},
    {"song": "Everybody Hates You When You're Popular", "lyric": "Yeah and everybody loves you when you hate yourself"},

    {"song": "Johnny Remember Me", "lyric": "I'll hear her singin' in the sighing of the wind"},
    {"song": "Johnny Remember Me", "lyric": "Yes I'll always remember, till the day I die"}
]