[
    {"before": "Deine", "gap": "Springerstiefel", "after": "sehnen sich nach Zärtlichkeit", "song": "Schrei nach Liebe", "album": "bestie"},
	{"before": "Hass ist deine", "gap": "Attitüde", "after": "ständig kocht dein Blut", "song": "Schrei nach Liebe", "album": "bestie"},
	{"before": "Zwischen", "gap": "Störkraft", "after": "und den Onkelz steht 'be Kuschelrock-LP", "song": "Schrei nach Liebe", "album": "bestie"},





	{"before": "Dabei stör'n dich keine", "gap": "Skrupel", "after": "Weil du ein echter Scheißtyp bist", "song": "Scheißtyp", "album": "debil"},
	{"before": "Trittst du", "gap": "Hunde", "after": "in der U-Bahn?", "song": "Scheißtyp", "album": "debil"},
	{"before": "Und hast du mal", "gap": "Masern", "after": "Gibst du Mutti 'nen Kuss?", "song": "Scheißtyp", "album": "debil"},
	{"before": "Hast du einen", "gap": "Augenfehler", "after": "Oder etwa Hautausschlag?", "song": "Scheißtyp", "album": "debil"},
	{"before": "Er hat ein gold'nes", "gap": "Kettchen", "after": "das ihm Glück bringt", "song": "Paul", "album": "debil"},
	{"before": "Paule heißt er, ist", "gap": "Bademeister", "after": "Im Schwimmbad an der Ecke", "song": "Paul", "album": "debil"},
	{"before": "Und er bringt kleine", "gap": "Mädchen", "after": "zur Strecke", "song": "Paul", "album": "debil"},
	{"before": "Paule schubst Kinder vom", "gap": "Einer", "after": "Paule ist ein ganz Gemeiner", "song": "Paul", "album": "debil"},
	{"before": "Da zahlt man gerne sein", "gap": "Eintrittsgeld", "after": "", "song": "Paul", "album": "debil"},
	{"before": "War es schön, habe ich dir meine", "gap": "Briefmarken", "after": "gezeigt", "song": "Kamelralley", "album": "debil"},
	{"before": "Und du halfst mir wirklich gern bei der", "gap": "Gartenarbeit", "after": "", "song": "Kamelralley", "album": "debil"},
	{"before": "Ich sitz' schon", "gap": "Stunden", "after": "hier und denk an dich", "song": "Kamelralley", "album": "debil"},
	{"before": "Stundenlang habe ich dir auf der", "gap": "Geige", "after": "vorgegeigt", "song": "Kamelralley", "album": "debil"},
	{"before": "Ich sitz' auf unsrer", "gap": "Bank", "after": "und ärger' mich", "song": "Kamelralley", "album": "debil"},
	{"before": "Es steht doch alles in den", "gap": "Büchern", "after": "Und ich habe Mittel wie niemals zuvor", "song": "Frank'n'stein", "album": "debil"},
	{"before": "Das war jetzt viel zu viel als", "gap": "Sahnie", "after": "Nummer drei sofort zu Asche zerfiel ", "song": "Frank'n'stein", "album": "debil"},
	{"before": "Denn auch", "gap": "Monster", "after": "Nummer vier klappte nicht", "song": "Frank'n'stein", "album": "debil"},
	{"before": "Er hat vor zwei Tagen ein", "gap": "Kind", "after": "umgebracht", "song": "El Cattivo", "album": "debil"},
	{"before": "Ja, so muss ein Cowboy sein", "gap": "Dreckig", "after": "feige und gemein", "song": "El Cattivo", "album": "debil"},
	{"before": "Er überfällt zwei alte", "gap": "Frauen", "after": "weil er kein Geld mehr hat", "song": "El Cattivo", "album": "debil"},
	{"before": "Ist es da nicht", "gap": "hundsgemein", "after": "Dass bei Claudia keiner darf?", "song": "Claudia hat 'nen Schäferhund", "album": "debil"},
	{"before": "Mit ihrem Hundchen unter'm", "gap": "Esstisch", "after": "", "song": "Claudia hat 'nen Schäferhund", "album": "debil"},
	{"before": "Sie hieß", "gap": "Angelika", "after": "Und sie war plötzlich da", "song": "Mädchen", "album": "debil"},
	{"before": "Doch bleibt ein", "gap": "Mädchen", "after": "steh'n, dann ist das Leben wieder schön", "song": "Mädchen", "album": "debil"},
	{"before": "In der", "gap": "Monatskarte", "after": "Ein Foto von dir", "song": "Mr. Sexpistols", "album": "debil"},
	{"before": "Ich war Mister Sexpistols, du warst Lady", "gap": "Punk", "after": "", "song": "Mr. Sexpistols", "album": "debil"},
	{"before": "Doch über die", "gap": "Aknepickel", "after": "kommt sie nicht", "song": "Mr. Sexpistols", "album": "debil"},
	{"before": "Micha, der", "gap": "Cowboy", "after": "reitet einsam in den Sonnenuntergang", "song": "Micha", "album": "debil"},
	{"before": "Er ist unrasiert und", "gap": "staubig", "after": "denn sein Tag war ziemlich lang", "song": "Micha", "album": "debil"},
	{"before": "Und er spielt auf der", "gap": "Gitarre", "after": "diese kleine Melodie", "song": "Micha", "album": "debil"},
	{"before": "Micha ist mit seinem", "gap": "Klepper", "after": "schon seit Wochen unterwegs", "song": "Micha", "album": "debil"},
	{"before": "Ich hab's von einem", "gap": "Bekannten", "after": "erfahr'n", "song": "Zu spät", "album": "debil"},
	{"before": "Du liebst ihn nur, weil er ein", "gap": "Auto", "after": "hat", "song": "Zu spät", "album": "debil"},
	{"before": "Ich werd' die Herzen aller", "gap": "Mädchen", "after": "brechen", "song": "Zu spät", "album": "debil"},
	{"before": "Bei mir gab's nur", "gap": "Currywurst", "after": "mit Pommes frites", "song": "Zu spät", "album": "debil"},
	{"before": "Ein paar", "gap": "Omas", "after": "musst'n dran glaub'n und ich fuhr einige Regale um", "song": "Roter Minirock", "album": "debil"},
	{"before": "Zwei ältere", "gap": "Hausfrauen", "after": "waren vor mir hier", "song": "Roter Minirock", "album": "debil"},
	{"before": "Denn sie trägt 'nen roten", "gap": "Minirock", "after": "", "song": "Roter Minirock", "album": "debil"},
	{"before": "Sie ist das Mädchen von Kasse", "gap": "vier", "after": "", "song": "Roter Minirock", "album": "debil"},
	{"before": "Manchmal bescheißt sie mit dem", "gap": "Wechselgeld", "after": "", "song": "Roter Minirock", "album": "debil"},
	{"before": "Mit seinen", "gap": "elf", "after": "Augen schaut es dich an", "song": "Schlaflied", "album": "debil"},
	{"before": "Als ich sie das erste Mal auf dem", "gap": "Schulhof", "after": "sah", "song": "Teenager Liebe", "album": "debil"},
	{"before": "Ich fragte eine", "gap": "Freundin", "after": "nach der Nummer ihres Telefons", "song": "Teenager Liebe", "album": "debil"},
	{"before": "Sie", "gap": "liebte", "after": "einen andern, sie hatte einen Freund", "song": "Teenager Liebe", "album": "debil"},
	{"before": "Sie stand da ganz", "gap": "allein", "after": "und ich musst' sie dauernd anstarr'n", "song": "Teenager Liebe", "album": "debil"},
	{"before": "Denn jetzt kommt, ja, jetzt kommt die", "gap": "Liebe", "after": "physisch", "song": "Füße vom Tisch", "album": "debil"},





	{"before": "Ich war grade auf dem Weg in die", "gap": "Stadtbibliothek", "after": "Da habe ich mein Herz verloren", "song": "Du willst mich küssen", "album": "schatten"},
	{"before": "Ich war sofort", "gap": "verknallt", "after": "bis über beide Ohren", "song": "Du willst mich küssen", "album": "schatten"},
	{"before": "Du solltest wissen ich bin", "gap": "intellektuell", "after": "", "song": "Du willst mich küssen", "album": "schatten"},
	{"before": "Abends bist du zu mir gekommen, ich hatte extra ein", "gap": "Bad", "after": "genommen", "song": "Du willst mich küssen", "album": "schatten"},
	{"before": "Bei Vollmond, wenn der", "gap": "Werwolf", "after": "lacht", "song": "Dein Vampyr", "album": "schatten"},
	{"before": "Setz ich mich ganz nah zu dir und", "gap": "küsse", "after": "dich wie ein Vampyr", "song": "Dein Vampyr", "album": "schatten"},
	{"before": "Du bist die", "gap": "Jungfrau", "after": "und ich dein Vampyr", "song": "Dein Vampyr", "album": "schatten"},
	{"before": "Die", "gap": "Fledermaus", "after": "singt Liebeslieder", "song": "Dein Vampyr", "album": "schatten"},
	{"before": "Dein", "gap": "Hochzeitskleid", "after": "verfärbt sich rot", "song": "Dein Vampyr", "album": "schatten"},
	{"before": "Wie soll ich leben ohne", "gap": "Kuss", "after": "von dir?", "song": "Dein Vampyr", "album": "schatten"},
	{"before": "Gestern bist du mir begegnet, das", "gap": "Wasser", "after": "läuft mir in den Schuh", "song": "... und es regnet", "album": "schatten"},
	{"before": "Jetzt fängt es auch noch an zu", "gap": "schneien", "after": "In ein paar Stunden ist es Nacht", "song": "... und es regnet", "album": "schatten"},
	{"before": "Vertrocknet ist die rote Rose, ich huste rote", "gap": "Brocken", "after": "aus", "song": "... und es regnet", "album": "schatten"},
	{"before": "Ich glaub, ich hab", "gap": "Tuberkulose", "after": "Doch ich will nicht ins Krankenhaus", "song": "... und es regnet", "album": "schatten"},
	{"before": "Ich will alles, du hast mich", "gap": "verrückt", "after": "gemacht", "song": "Alles", "album": "schatten"},
	{"before": "Ihre", "gap": "Schläge", "after": "haben nur dein Feuer geschürt", "song": "Rennen nicht Laufen!", "album": "schatten"},
	{"before": "Du warst zu stolz zum", "gap": "Weinen", "after": "du lachtest nur vor Zorn", "song": "Rennen nicht Laufen!", "album": "schatten"},
	{"before": "Woll'n deine Freunde sein, doch dein", "gap": "Gedächtnis", "after": "ist zu gut", "song": "Rennen nicht Laufen!", "album": "schatten"},
	{"before": "Den ganzen Tag rennst du der", "gap": "Kohle", "after": "hinterher", "song": "Wie ein Kind", "album": "schatten"},
	{"before": "Und ein eignes großes Haus mit großem", "gap": "Garten", "after": "", "song": "Wie ein Kind", "album": "schatten"},
	{"before": "Steh ich vor dem Spiegel, schau ich in", "gap": "Alltagssorgen", "after": "rein", "song": "Wie ein Kind", "album": "schatten"},
	{"before": "Mit deinen Fragen, deinen", "gap": "Popeln", "after": "deiner Liebe, deiner Angst", "song": "Wie ein Kind", "album": "schatten"},
	{"before": "Ich war dies Jahr keinmal", "gap": "baden", "after": "wegen dir", "song": "Wegen dir", "album": "schatten"},
	{"before": "Wegen dir habe ich beim", "gap": "Juwelier", "after": "geklaut", "song": "Wegen dir", "album": "schatten"},
	{"before": "Wegen dir hab' ich mir die", "gap": "Beine", "after": "glatt rasiert", "song": "Wegen dir", "album": "schatten"},
	{"before": "Ich werde noch", "gap": "verhungern", "after": "wegen dir", "song": "Wegen dir", "album": "schatten"},
	{"before": "Wer gibt der größten", "gap": "Unordnung", "after": "den Sinn?", "song": "Die Antwort bist du", "album": "schatten"},
	{"before": "Wer ist mal 'ne", "gap": "Schlange", "after": "und mal ein zahmes Lamm?", "song": "Die Antwort bist du", "album": "schatten"},
	{"before": "Wer stützt mich, wenn ich mal", "gap": "betrunken", "after": "bin?", "song": "Die Antwort bist du", "album": "schatten"},
	{"before": "Er hatte eine", "gap": "Brille", "after": "und eine Gitarre", "song": "Buddy Holly's Brille", "album": "schatten"},
	{"before": "Zum schlafengehen hing er die", "gap": "Gitarre", "after": "an die Wand", "song": "Buddy Holly's Brille", "album": "schatten"},
	{"before": "Er stieg in ein", "gap": "Flugzeug", "after": "und grinste hinaus", "song": "Buddy Holly's Brille", "album": "schatten"},
	{"before": "Buddy Holly ist mit seiner Brille", "gap": "verwest", "after": "", "song": "Buddy Holly's Brille", "album": "schatten"},
	{"before": "Ein Käfer kriegt nie einen", "gap": "Kuss", "after": "", "song": "Käfer", "album": "schatten"},
	{"before": "Es gibt auch", "gap": "Pferde", "after": "die machen muh", "song": "Käfer", "album": "schatten"},
	{"before": "Denn aus der Kuh macht man die", "gap": "Vollmilch", "after": "", "song": "Käfer", "album": "schatten"},
	{"before": "Du warst so", "gap": "betrunken", "after": "du konntest kaum noch stehen", "song": "Ich weiss nicht, ob es Liebe ist", "album": "schatten"},
	{"before": "Als das", "gap": "Bier", "after": "alle war hast du laut geflucht", "song": "Ich weiss nicht, ob es Liebe ist", "album": "schatten"},
	{"before": "Dann zertrümmert er mir mein", "gap": "Nasenbein", "after": "", "song": "\"Was hat der Junge doch für Nerven\"", "album": "schatten"},
	{"before": "Er braucht keinen", "gap": "Spickzettel", "after": "in Mathematik", "song": "\"Was hat der Junge doch für Nerven\"", "album": "schatten"},
	{"before": "Er lässt mich niemals im", "gap": "Diktat", "after": "abschreiben", "song": "\"Was hat der Junge doch für Nerven\"", "album": "schatten"},





	{"before": "Dass ich", "gap": "geweint", "after": "hab', sag ihr nicht", "song": "Wie am ersten Tag", "album": "aerzte"},
	{"before": "Ich hab", "gap": "getanzt", "after": "mit ihr und hatte weiche Knie", "song": "Wie am ersten Tag", "album": "aerzte"},
	{"before": "Wenn wir durch den", "gap": "Spiegel", "after": "geh'n, wirst du deinen Augen nicht mehr trauen", "song": "Mysteryland", "album": "aerzte"},
	{"before": "Wer feige ist, hat", "gap": "Mut", "after": "", "song": "Mysteryland", "album": "aerzte"},
	{"before": "Jetzt bin ich ein", "gap": "Pirat", "after": "Sieh mein Schiff in voller Fahrt", "song": "Mysteryland", "album": "aerzte"},
	{"before": "Auf 'ner", "gap": "Insel", "after": "ganz versteckt, lass' ich dich nicht mehr weg", "song": "Mysteryland", "album": "aerzte"},
	{"before": "In einer kleinen", "gap": "Hütte", "after": "da wohnt Sweet Gwendoline", "song": "Sweet Sweet Gwendoline", "album": "aerzte"},
	{"before": "Sie hatte ein", "gap": "Kabel", "after": "damit schnürte sie mich ein", "song": "Sweet Sweet Gwendoline", "album": "aerzte"},
	{"before": "Die", "gap": "Fesseln", "after": "taten weh, doch ich blieb stumm", "song": "Sweet Sweet Gwendoline", "album": "aerzte"},
	{"before": "Man könnte Sie jetzt wunderbar als", "gap": "Postpaket", "after": "verschicken", "song": "Sweet Sweet Gwendoline", "album": "aerzte"},
	{"before": "Solange Du mich", "gap": "fesselst", "after": "bleibe ich bei Dir", "song": "Sweet Sweet Gwendoline", "album": "aerzte"},
	{"before": "Besonders hasste mich ein", "gap": "Schläger", "after": "wie es ihn an jeder Ecke gibt", "song": "Ist das alles?", "album": "aerzte"},
	{"before": "Dann bekam ich eine", "gap": "Freundin", "after": "und ich gab mich seriös", "song": "Ist das alles?", "album": "aerzte"},
	{"before": "Doch etwas unter ihrer", "gap": "Bluse", "after": "machte mich nervös", "song": "Ist das alles?", "album": "aerzte"},
	{"before": "Da ließ sie meinen", "gap": "Drachen", "after": "steigen, jetzt gab es kein zurück", "song": "Ist das alles?", "album": "aerzte"},
	{"before": "Ich dachte, ich muss sterben, als mein", "gap": "Vater", "after": "mich verstieß", "song": "Ist das alles?", "album": "aerzte"},
	{"before": "Doch zum", "gap": "Sterben", "after": "geht's mir einfach noch nicht mies genug", "song": "Ist das alles?", "album": "aerzte"},
	{"before": "Noch sitz'n wir hier und spielen", "gap": "Schach", "after": "", "song": "Geschwisterliebe", "album": "aerzte"},
	{"before": "Du bist so", "gap": "eng", "after": "das macht mich geil", "song": "Geschwisterliebe", "album": "aerzte"},
	{"before": "Das befriedigt meine", "gap": "Triebe", "after": "Geschwisterliebe, Geschwisterliebe", "song": "Geschwisterliebe", "album": "aerzte"},
	{"before": "Und morgen nehme ich dein", "gap": "Hinterteil", "after": "", "song": "Geschwisterliebe", "album": "aerzte"},
	{"before": "Ich würd' dich gerne mal", "gap": "flachlegen", "after": "", "song": "Geschwisterliebe", "album": "aerzte"},
	{"before": "Seit ein paar Wochen, sprichst du nur vom", "gap": "sauber", "after": "machen", "song": "Frühjahrsputz", "album": "aerzte"},
	{"before": "Ich geh' jetzt einfach mal das", "gap": "Dach", "after": "fegen", "song": "Frühjahrsputz", "album": "aerzte"},
	{"before": "Ich nehm' den Besen mit den", "gap": "Haaren", "after": "", "song": "Frühjahrsputz", "album": "aerzte"},
	{"before": "Und morgen streiche ich die Wand im", "gap": "Keller", "after": "", "song": "Frühjahrsputz", "album": "aerzte"},
	{"before": "Das beseitigt jeden Schmutz, der", "gap": "Frühjahrsputz", "after": "", "song": "Frühjahrsputz", "album": "aerzte"},
	{"before": "Alleine im", "gap": "Lokal", "after": "Wart' ich wieder mal", "song": "Alleine in der Nacht", "album": "aerzte"},
	{"before": "Ich muss handeln, und zwar schnell, ob ich", "gap": "Whiskey", "after": "bestell'?", "song": "Alleine in der Nacht", "album": "aerzte"},
	{"before": "Doch der Typ da mit dem", "gap": "Bier", "after": "Was will der denn von dir?", "song": "Alleine in der Nacht", "album": "aerzte"},
	{"before": "Ich spür's genau im", "gap": "Knie", "after": "So verliebt war ich noch nie", "song": "Alleine in der Nacht", "album": "aerzte"},
	{"before": "Eine", "gap": "Bank", "after": "wurd ausgeraubt und das ist ja nicht erlaubt", "song": "Alleine in der Nacht", "album": "aerzte"},
	{"before": "Jetzt bist du", "gap": "eingesperrt", "after": "Doch ich werde treu dir sein", "song": "Alleine in der Nacht", "album": "aerzte"},
	{"before": "Wenn eine", "gap": "Träne", "after": "nur Wasser noch ist", "song": "Jenseits von Eden", "album": "aerzte"},
	{"before": "Wenn man für", "gap": "Liebe", "after": "bezahlen muss nur, um einmal glücklich zu sein", "song": "Jenseits von Eden", "album": "aerzte"},
	{"before": "Dann haben wir", "gap": "umsonst", "after": "gelebt", "song": "Jenseits von Eden", "album": "aerzte"},
	{"before": "Die Nacht soll unsere", "gap": "Bühne", "after": "sein und nur für uns allein", "song": "Wir werden schön", "album": "aerzte"},
	{"before": "Wir sind wie", "gap": "Wölfe", "after": "im Unterholz", "song": "Wir werden schön", "album": "aerzte"},
	{"before": "Und gehen wir auf die", "gap": "Jagd", "after": "tun wir das nie am Tag", "song": "Wir werden schön", "album": "aerzte"},
	{"before": "Es ist", "gap": "Dunkelheit", "after": "die die uns befreit", "song": "Wir werden schön", "album": "aerzte"},
	{"before": "Du siehst mich nicht, du", "gap": "fühlst", "after": "mich nicht", "song": "Für immer", "album": "aerzte"},
	{"before": "Doch erst, wenn ich für immer", "gap": "schlafe", "after": "Werden wir zusammen sein", "song": "Für immer", "album": "aerzte"},
	{"before": "Du hast", "gap": "Augen", "after": "tiefer als das Meer", "song": "Für immer", "album": "aerzte"},
	{"before": "Mein Swimmingpool reicht von", "gap": "Casablanca", "after": "bis nach Istanbul", "song": "Ich bin reich", "album": "aerzte"},
	{"before": "Ich bin Supermann und Batman und", "gap": "Spinne", "after": "", "song": "Ich bin reich", "album": "aerzte"},
	{"before": "Ernährt sich nur von", "gap": "Weißbrot", "after": "mit Orangensaft", "song": "Ich bin reich", "album": "aerzte"},
	{"before": "Das wäre halb so wild, denn ich seh'", "gap": "fantastisch", "after": "aus!", "song": "Ich bin reich", "album": "aerzte"},
	{"before": "Naja... Ein bisschen", "gap": "blauäugig", "after": "(so dunkelblau)", "song": "Ich bin reich", "album": "aerzte"},
	{"before": "Denn im", "gap": "Schaufenster", "after": "Hatte er etwas geseh'n", "song": "Zum letzten Mal", "album": "aerzte"},
	{"before": "Sie lag alleine im Bett und der", "gap": "Vollmond", "after": "schien", "song": "Zum letzten Mal", "album": "aerzte"},





	{"before": "Bei dem Gedanken an dich bekomm' ich", "gap": "Ausschlag", "after": "", "song": "Ohne dich", "album": "wahrheit"},
	{"before": "Was hab'n deine", "gap": "Eltern", "after": "der Menschheit angetan?", "song": "Ohne dich", "album": "wahrheit"},
	{"before": "Ich schenk' dir ein paar Schuhe aus", "gap": "Beton", "after": "Die ziehst du an, haha, und dann geh'n wir baden", "song": "Ohne dich", "album": "wahrheit"},
	{"before": "Eine tote", "gap": "Qualle", "after": "hat in etwa dein Niveau", "song": "Ohne dich", "album": "wahrheit"},
	{"before": "Wer schmilzt für dich den", "gap": "Nordpol", "after": "frei?", "song": "Baby ich tu's", "album": "wahrheit"},
	{"before": "Wer baut", "gap": "Kathedralen", "after": "für dich? Wer leidet gern Qualen für dich?", "song": "Baby ich tu's", "album": "wahrheit"},
	{"before": "Ich bin allein und du", "gap": "rufst", "after": "nicht an", "song": "Komm zurück", "album": "wahrheit"},
	{"before": "Ich will dich endlich", "gap": "wiedersehen", "after": "Ich sitze hier und ich bin allein", "song": "Komm zurück", "album": "wahrheit"},
	{"before": "Ich hab' kein'n", "gap": "Chef", "after": "und kein Büro (Meine wilde Welt!)", "song": "Wilde Welt", "album": "wahrheit"},
	{"before": "Meine Lederjacke riecht nach", "gap": "Tier", "after": "", "song": "Wilde Welt", "album": "wahrheit"},
	{"before": "Was will ein wildes Tier im", "gap": "Zoo", "after": "", "song": "Wilde Welt", "album": "wahrheit"},
	{"before": "Ich bin am Zug, ihr seid", "gap": "schachmatt", "after": "", "song": "Wilde Welt", "album": "wahrheit"},
	{"before": "Jeden Tag sitz' ich am", "gap": "Wannsee", "after": "und ich hör' den Wellen zu", "song": "Westerland", "album": "wahrheit"},
	{"before": "Dann denk' ich an diese", "gap": "Insel", "after": "Und mein Herz, das wird so schwer", "song": "Westerland", "album": "wahrheit"},
	{"before": "Ich will wieder an die", "gap": "Nordsee", "after": "Ich will zurück nach Westerland", "song": "Westerland", "album": "wahrheit"},
	{"before": "Wie oft stand ich schon am", "gap": "Ufer", "after": "Wie oft sprang ich in die Spree?", "song": "Westerland", "album": "wahrheit"},
	{"before": "Oh, ich hab' solche", "gap": "Sehnsucht", "after": "Ich verlier' den Verstand", "song": "Westerland", "album": "wahrheit"},
	{"before": "Und ich weiß, jeder", "gap": "Zweite", "after": "hier ist genauso blöd wie ich", "song": "Westerland", "album": "wahrheit"},
	{"before": "Ich tue sehr gebildet, bin ja nicht", "gap": "platt", "after": "Doch was ich wirklich will steht [...]", "song": "Ich will dich", "album": "wahrheit"},
	{"before": "Sie sagt ich sei", "gap": "intelligent", "after": "und dass ich zum Glück nicht nur an das eine denke", "song": "Ich will dich", "album": "wahrheit"},
	{"before": "Sie schickte mir ein", "gap": "Foto", "after": "mein Herz blieb beinah steh'n", "song": "Elke", "album": "wahrheit"},
	{"before": "Sie sah aus wie eine", "gap": "Pizza", "after": "sie war wunder-wunderschön", "song": "Elke", "album": "wahrheit"},
	{"before": "Ich schrieb ihr einen Liebesbrief mit", "gap": "Rosenduft", "after": "sogar", "song": "Elke", "album": "wahrheit"},
	{"before": "Ich stürzte in ihr", "gap": "Fettgewebe", "after": "wie in eine Schlucht", "song": "Elke", "album": "wahrheit"},
	{"before": "Sie ist ein echter Brocken, drei Meter in", "gap": "Kubik", "after": "", "song": "Elke", "album": "wahrheit"},
	{"before": "Ich aß ein bisschen", "gap": "Tofu", "after": "sie aß ein ganzes Schwein", "song": "Elke", "album": "wahrheit"},
	{"before": "Im Sommer gibt sie", "gap": "Schatten", "after": "im Winter hält sie warm", "song": "Elke", "album": "wahrheit"},
	{"before": "Neulich hab' ich sie bestiegen - ohne", "gap": "Sauerstoffgerät", "after": "", "song": "Elke", "album": "wahrheit"},
	{"before": "Ich nannte sie mal", "gap": "Nilpferd", "after": "natürlich nur im Scherz", "song": "Elke", "album": "wahrheit"},
	{"before": "Ich fuhr das Fleisch vom", "gap": "Schwein", "after": "mir zentnerweise ein", "song": "Blumen", "album": "wahrheit"},
	{"before": "Von jetzt an leb' ich gesund und bin zu", "gap": "Tieren", "after": "fair", "song": "Blumen", "album": "wahrheit"},
	{"before": "Lieber", "gap": "Akazien", "after": "statt 'nen dicken, fetten Schinken", "song": "Blumen", "album": "wahrheit"},
	{"before": "Und die", "gap": "Fäkalien", "after": "tun dann auch nicht mehr so stinken", "song": "Blumen", "album": "wahrheit"},
	{"before": "Ich esse Schnittlauch und ein", "gap": "Omelett", "after": "mit Rosen", "song": "Blumen", "album": "wahrheit"},
	{"before": "Wenn's", "gap": "Würstchen", "after": "noch so lacht es ist aus Tier gemacht", "song": "Blumen", "album": "wahrheit"},
	{"before": "Auf einer", "gap": "Lichtung", "after": "blieben wir stehen, sie gab mir einen Kuss [...]", "song": "Ausserirdische", "album": "wahrheit"},
	{"before": "Neben uns landete ein", "gap": "Ufo", "after": " im Gras. Ich dachte \"Vorsicht Kamera\" [...]", "song": "Ausserirdische", "album": "wahrheit"},
	{"before": "Ausserirdische haben mein", "gap": "Mädchen", "after": "entführt", "song": "Ausserirdische", "album": "wahrheit"},
	{"before": "Einstein und", "gap": "Superman", "after": "in einem Krokodil auf dem Hemd", "song": "Siegerin", "album": "wahrheit"},
	{"before": "Deine", "gap": "Glücksfee", "after": "hat wirklich einen guten Geschmack", "song": "Siegerin", "album": "wahrheit"},
	{"before": "Du bist die Siegerin und ich bin dein", "gap": "Hauptgewinn", "after": "", "song": "Siegerin", "album": "wahrheit"},
	{"before": "Im Reich der Sinne mitten drin", "gap": "Befriedigung", "after": "ist garantiert", "song": "Siegerin", "album": "wahrheit"},
	{"before": "Ich küss' die", "gap": "Spitze", "after": "deines Schuhs", "song": "Bitte, Bitte", "album": "wahrheit"},
	{"before": "Und wenn du mir die", "gap": "Knute", "after": "gibst, weiß ich, dass auch du mich liebst ", "song": "Bitte, Bitte", "album": "wahrheit"},
	{"before": "Fleißig war ich nie, doch meine", "gap": "Eltern", "after": "sind leider nicht reich", "song": "Popstar", "album": "wahrheit"},
	{"before": "Ich brauch' nur 'ne Frisur", "gap": "Gitarrengriffe", "after": "kann ich schon ein paar", "song": "Popstar", "album": "wahrheit"},
	{"before": "Ich hab' kein Geld, kein", "gap": "Abitur", "after": "Nur manchmal Stress mit [...]", "song": "Popstar", "album": "wahrheit"},
	{"before": "Deine Nerven geh'n", "gap": "Bankrott", "after": "Fernsehen bringt eh auch nur Schrott", "song": "Gute Zeit", "album": "wahrheit"},
	{"before": "Heute Abend fliegt die", "gap": "Kuh", "after": "und das weißt du", "song": "Gute Zeit", "album": "wahrheit"},
	{"before": "Wir hab'n mit", "gap": "Trauer", "after": "nichts am Hut, wir machen Krach [...]", "song": "Gute Zeit", "album": "wahrheit"},
	{"before": "Jeden Abend tausend", "gap": "Phon", "after": "was ist das schon?", "song": "Gute Zeit", "album": "wahrheit"},
	{"before": "Wir woll 'n lauter als die", "gap": "Hölle", "after": "sein, unser Herz ist groß und die Welt ist klein", "song": "Gute Zeit", "album": "wahrheit"},
	{"before": "Als ich das Mädchen mit den", "gap": "Latzhosen", "after": "sah, da war mir eines sofort klar ", "song": "Schwanz ab", "album": "wahrheit"},
	{"before": "Sie trat mir in den Bauch mit ihren", "gap": "Sandalen", "after": "Ich ging zu Boden, sie waren hart wie Zement", "song": "Schwanz ab", "album": "wahrheit"},





	{"before": "Du sagst: \"Punk ist, jed'n Tag ultra", "gap": "besoffen", "after": "zu sein\"", "song": "Punk ist...", "album": "dreizehn"},
	{"before": "Du sagst: \"Punk ist", "gap": "politisch", "after": "unbequem\"", "song": "Punk ist...", "album": "dreizehn"},
	{"before": "Du sagst: \"Punk ist ein", "gap": "guter", "after": "Musikgeschmack\"", "song": "Punk ist...", "album": "dreizehn"},
	{"before": "Für mich ist Punk:", "gap": "Arsch", "after": "leck'n und Rasur", "song": "Punk ist...", "album": "dreizehn"},
	{"before": "Weil du immer mit uns", "gap": "schlafen", "after": "gehst", "song": "Ein Lied für dich", "album": "dreizehn"},
	{"before": "Kommst du aus", "gap": "Zürich", "after": "oder kommst du aus Wien?", "song": "Ein Lied für dich", "album": "dreizehn"},
	{"before": "Und unsre", "gap": "Reime", "after": "sind auch nicht von schlechten Eltern", "song": "Ein Lied für dich", "album": "dreizehn"},
	{"before": "Wegen euch sind wir beliebt beim", "gap": "Finanzamt", "after": "Und bei ausgesuchten Banken", "song": "Ein Lied für dich", "album": "dreizehn"},
	{"before": "Liebe", "gap": "Plattenfirma", "after": "jetzt gebt die Kohle endlich her", "song": "Ein Lied für dich", "album": "dreizehn"},
	{"before": "Morgen kauf' ich mir 'nen gold'nen", "gap": "Föhn", "after": "", "song": "Ein Lied für dich", "album": "dreizehn"},
	{"before": "Bin", "gap": "loyal", "after": "aber dumm", "song": "Goldenes Handwerk", "album": "dreizehn"},
	{"before": "[...] nirgends gehör' ich hin, weil ich", "gap": "Schlagzeuger", "after": "bin", "song": "Goldenes Handwerk", "album": "dreizehn"},
	{"before": "Statt an der Brust hab' ich am", "gap": "Bauchnabel", "after": "gesaugt", "song": "Goldenes Handwerk", "album": "dreizehn"},
	{"before": "Das größte überhaupt ist doch, den Schlagzeuger zu", "gap": "fisten", "after": "", "song": "Goldenes Handwerk", "album": "dreizehn"},
	{"before": "Meine Freunde sind", "gap": "homosexuell", "after": "Meine Freunde sind alle kriminell", "song": "Meine Freunde", "album": "dreizehn"},
	{"before": "Kann ich das bitte", "gap": "schriftlich", "after": "haben, weil mir nachher keiner glaubt", "song": "Meine Freunde", "album": "dreizehn"},
	{"before": "Sie bleiben tagelang Zuhaus'", "gap": "Peitschen", "after": "sich gegenseitig aus", "song": "Meine Freunde", "album": "dreizehn"},
	{"before": "Meine Freunde glauben nicht an", "gap": "Gott", "after": "Meine Freunde gehören aufs Schafott", "song": "Meine Freunde", "album": "dreizehn"},
	{"before": "Mit", "gap": "Erdnussflips", "after": "und abgezähltem Billigbier", "song": "Party stinkt", "album": "dreizehn"},
	{"before": "Das Wort", "gap": "leer", "after": "beschreibt die Party schon ganz gut", "song": "Party stinkt", "album": "dreizehn"},
	{"before": "Hier amüsiert man sich nur", "gap": "bedingt", "after": "", "song": "Party stinkt", "album": "dreizehn"},
	{"before": "Mit", "gap": "Rauchverbot", "after": "und leiser Musik", "song": "Party stinkt", "album": "dreizehn"},
	{"before": "Keine", "gap": "Geigen", "after": "mehr, wenn wir uns küssen", "song": "1/2 Lovesong", "album": "dreizehn"},
	{"before": "Vieles ist zur", "gap": "Gewohnheit", "after": "verkommen, doch das ist immer die Gefahr", "song": "1/2 Lovesong", "album": "dreizehn"},
	{"before": "Tod und", "gap": "Krieg", "after": "auf der ganzen Welt, es könnt mir nichts egaler sein", "song": "Ignorama", "album": "dreizehn"},
	{"before": "Wenn am Strand der letzte", "gap": "Wal", "after": "verwest, es könnt mir nichts egaler sein", "song": "Ignorama", "album": "dreizehn"},
	{"before": "Du", "gap": "sitzt", "after": "auf mir, die Welt ist schön", "song": "Ignorama", "album": "dreizehn"},
	{"before": "Meine Lieblingsfernsehserie", "gap": "abgesetzt", "after": "Es könnt mir nichts egaler sein", "song": "Ignorama", "album": "dreizehn"},
	{"before": "Splitternackt mit schwerem", "gap": "Schädel", "after": "was für eine Nacht", "song": "Nie wieder Krieg, nie mehr Las Vegas!", "album": "dreizehn"},
	{"before": "Hallo Leute, ich bin", "gap": "pleite", "after": "ich bin total blank", "song": "Nie wieder Krieg, nie mehr Las Vegas!", "album": "dreizehn"},
	{"before": "Nie wieder", "gap": "Hütchenspiel", "after": "nie wieder in die Spielothek", "song": "Nie wieder Krieg, nie mehr Las Vegas!", "album": "dreizehn"},
	{"before": "Es fing alles ganz harmlos mit", "gap": "Monopoly", "after": "an", "song": "Nie wieder Krieg, nie mehr Las Vegas!", "album": "dreizehn"},
	{"before": "Nur noch Trockenbrot und keine", "gap": "Schokolade", "after": "", "song": "Nie wieder Krieg, nie mehr Las Vegas!", "album": "dreizehn"},
	{"before": "Keinen", "gap": "Pfennig", "after": "in der Tasche und kein Geld mehr auf der Bank", "song": "Nie wieder Krieg, nie mehr Las Vegas!", "album": "dreizehn"},
	{"before": "Ich bin", "gap": "dagegen", "after": "weil ihr nichts davon versteht", "song": "Rebell", "album": "dreizehn"},
	{"before": "Bitte versteht mein", "gap": "Verhalten", "after": "als Zeichen der Ablehnung", "song": "Rebell", "album": "dreizehn"},
	{"before": "Herzlich willkommen in meinem", "gap": "Lebenslauf", "after": "Ich bin ganz ruhig [...]", "song": "Rebell", "album": "dreizehn"},
	{"before": "Du hast verloren, ich bin nicht mehr dein", "gap": "Kind", "after": "", "song": "Rebell", "album": "dreizehn"},
	{"before": "Ja, der", "gap": "Graf", "after": "wirkt heut' seltsam und bizarr", "song": "Der Graf", "album": "dreizehn"},
	{"before": "Ja, der Graf ist", "gap": "Vergangenheit", "after": "Blut und Nostalgie", "song": "Der Graf", "album": "dreizehn"},
	{"before": "Doch der Graf hat Angst, Angst vor", "gap": "HIV", "after": "", "song": "Der Graf", "album": "dreizehn"},
	{"before": "Der Graf sitzt auf einem", "gap": "Berg", "after": "und weint", "song": "Der Graf", "album": "dreizehn"},
	{"before": "Und alles, was ich sehe", "gap": "Himmel", "after": "Erde und der ganze Rest [...]", "song": "Grau", "album": "dreizehn"},
	{"before": "", "gap": "Raus", "after": "Ich will nicht mehr länger warten", "song": "Grau", "album": "dreizehn"},
	{"before": "Angeber,", "gap": "Angeben", "after": "ist dein Lieblingssport", "song": "Angeber", "album": "dreizehn"},
	{"before": "In deiner", "gap": "Fantasie", "after": "scheinst du der Größte zu sein", "song": "Angeber", "album": "dreizehn"},
	{"before": "Männer sind", "gap": "Schweine", "after": "Traue ihnen nicht, mein Kind", "song": "Männer sind Schweine", "album": "dreizehn"},
	{"before": "Er", "gap": "lügt", "after": "dass sich die Balken biegen", "song": "Männer sind Schweine", "album": "dreizehn"},
	{"before": "Für ihn ist", "gap": "Liebe", "after": "gleich Samenverlust", "song": "Männer sind Schweine", "album": "dreizehn"},
	{"before": "Trinkt Bier, sieht fern und wird schnell", "gap": "fett", "after": "", "song": "Männer sind Schweine", "album": "dreizehn"},
	{"before": "Und", "gap": "rülpst", "after": "und furzt im Ehebett", "song": "Männer sind Schweine", "album": "dreizehn"},
	{"before": "Männer sind", "gap": "Autos", "after": "Nur ohne Reserverad", "song": "Männer sind Schweine", "album": "dreizehn"},
	{"before": "Wird unsere Liebe dann zu", "gap": "Hass", "after": "Oder wars dann einfach das?", "song": "Liebe und Schmerz", "album": "dreizehn"},
	{"before": "Doch nun ist es passiert, nun hab ich dein Herz", "gap": "halbiert", "after": "", "song": "Liebe und Schmerz", "album": "dreizehn"},
	{"before": "Ich war zu stolz um zuzugeben, ohne", "gap": "Dich", "after": "kann ich nicht leben", "song": "Nie gesagt", "album": "dreizehn"},
	{"before": "Gut, dass ich", "gap": "erwachsen", "after": "bin", "song": "Der Infant", "album": "dreizehn"},
	{"before": "Am Tage", "gap": "Playboy", "after": "und nachts ein Rächer", "song": "Der Infant", "album": "dreizehn"},
	{"before": "Schau nur noch", "gap": "Pornofilme", "after": "das tut mir nicht weiter weh", "song": "Der Infant", "album": "dreizehn"},
	{"before": "Ich bau' 'ne Bombe und sprenge", "gap": "Kiel", "after": "", "song": "Der Infant", "album": "dreizehn"},
	{"before": "Denn jetzt bin ich endlich", "gap": "groß", "after": "Und die Hölle bricht los", "song": "Der Infant", "album": "dreizehn"},
	{"before": "Und jetzt hab ich das", "gap": "Geld", "after": "mich mit Asbest zu bekleiden", "song": "Der Infant", "album": "dreizehn"},
	{"before": "", "gap": "Langeweile", "after": "liegt mir fern, dafür danke ich dem Herrn", "song": "Der Infant", "album": "dreizehn"},
	{"before": "Dies ist ein Protestsong gegen", "gap": "Protestsongs", "after": "", "song": "Grotesksong", "album": "dreizehn"},
	{"before": "Doch als", "gap": "Retter", "after": "der Welt liegt ihr voll im Trend", "song": "Grotesksong", "album": "dreizehn"},
	{"before": "Ja, ihr", "gap": "prangert an", "after": "und ihr singt von Problemen", "song": "Grotesksong", "album": "dreizehn"},
	{"before": "Wenn ich Lust dazu hab', scheiß' ich die", "gap": "Nordsee", "after": "zu", "song": "Grotesksong", "album": "dreizehn"},
	{"before": "Und dann leg' ich die", "gap": "Schlampen", "after": "von Green Peace flach", "song": "Grotesksong", "album": "dreizehn"},




	{"before": "Ich könnte ewig hier", "gap": "sitzen", "after": "und dich einfach nur anseh'n", "song": "Wie es geht", "album": "spendierhosen"},
	{"before": "Im Film sieht es so einfach aus, jetzt bin ich", "gap": "kreidebleich", "after": "", "song": "Wie es geht", "album": "spendierhosen"},
	{"before": "Jetzt sitz' ich hier, wie ein", "gap": "Kaninchen", "after": "vor der Schlange", "song": "Wie es geht", "album": "spendierhosen"},
	{"before": "Ich weiß nicht, was ich sagen soll, mein", "gap": "Gott", "after": "jetzt gehst du gleich", "song": "Wie es geht", "album": "spendierhosen"},
	{"before": "Ich traf eine Frau in einer", "gap": "Disco", "after": "Wir kifft'n zu dem Sound von [...]", "song": "Geld", "album": "spendierhosen"},
	{"before": "Sie wollte erst einmal meine", "gap": "Brieftasche", "after": "seh'n", "song": "Geld", "album": "spendierhosen"},
	{"before": "Jetzt macht er nur noch", "gap": "Schrott", "after": "dafür ist er nicht arm", "song": "Geld", "album": "spendierhosen"},
	{"before": "Doch vielleicht in einem Jahr, ist sein", "gap": "Geld", "after": "schon nicht mehr da", "song": "Geld", "album": "spendierhosen"},
	{"before": "Vielleicht bin ich", "gap": "verliebt", "after": "Vielleicht ist's nur so ein Gefühl", "song": "Gib mir Zeit", "album": "spendierhosen"},
	{"before": "Baby, ich will heut Nacht nicht mit dir", "gap": "schlafen", "after": "", "song": "Gib mir Zeit", "album": "spendierhosen"},
	{"before": "Nicht, dass du denkst, du wärst", "gap": "unattraktiv", "after": "nein, ich find' dich immer noch sehr nett", "song": "Gib mir Zeit", "album": "spendierhosen"},
	{"before": "Eine bessere", "gap": "Droge", "after": "gibt es nicht und das weiß ich durch dich", "song": "Dir", "album": "spendierhosen"},
	{"before": "Wenn ich vor", "gap": "Hitze", "after": "frier', wenn ich zitter' vor Gier", "song": "Dir", "album": "spendierhosen"},
	{"before": "Nachts, wenn unsere Liebe", "gap": "salzig", "after": "schmeckt, das Raubtier seine Krallen ausstreckt", "song": "Dir", "album": "spendierhosen"},
	{"before": "Wo das", "gap": "Dunkel", "after": "strahlt im hellsten Licht", "song": "Dir", "album": "spendierhosen"},
	{"before": "Mädchen, deine schönen", "gap": "Augen", "after": "machen mich schwach", "song": "Mondo Bondage", "album": "spendierhosen"},
	{"before": "Wenn du mich einfach so ansiehst bin ich", "gap": "Butter", "after": "in der Sonne", "song": "Mondo Bondage", "album": "spendierhosen"},
	{"before": "Doch die Reinheit deiner", "gap": "Seele", "after": "ist die größte Wonne", "song": "Mondo Bondage", "album": "spendierhosen"},
	{"before": "", "gap": "Latexvinyl", "after": "Gummijacket, Ringe aus Stahl", "song": "Mondo Bondage", "album": "spendierhosen"},
	{"before": "Wonne in Schwarz", "gap": "Kerzenwachs", "after": "Stückelschuh - Ich will dir zusehen!", "song": "Mondo Bondage", "album": "spendierhosen"},
	{"before": "Wehrlose Lust, glänzender", "gap": "Lack", "after": "Stahlkorsett - Mondo Bondage", "song": "Mondo Bondage", "album": "spendierhosen"},
	{"before": "Mädchen, du bist mir so nah. Ich will deine", "gap": "Tiefe", "after": "spüren", "song": "Mondo Bondage", "album": "spendierhosen"},
	{"before": "Bitte, sei mir meine Betty oder", "gap": "Gwendoline", "after": "", "song": "Mondo Bondage", "album": "spendierhosen"},
	{"before": "Mein", "gap": "Genital", "after": "tut furchtbar weh, immer dann, wenn ich pisse", "song": "Onprangering", "album": "spendierhosen"},
	{"before": "Und das", "gap": "prangere", "after": "ich an, das stelle ich zur Diskussion", "song": "Onprangering", "album": "spendierhosen"},
	{"before": "Meine", "gap": "Finger", "after": "fallen aus, ich muss sofort ins Krankenhaus", "song": "Onprangering", "album": "spendierhosen"},
	{"before": "Das find' ich überhaupt nicht gut, Lepra,", "gap": "Tripper", "after": "und Skorbut", "song": "Onprangering", "album": "spendierhosen"},
	{"before": "Kalte", "gap": "Fliesen", "after": "Modergeruch -, auf meinem Körper ein Leichentuch", "song": "Leichenhalle", "album": "spendierhosen"},
	{"before": "Hier gibt es nichts zu", "gap": "essen", "after": "In der Leichenhalle, in der Leichenhalle", "song": "Leichenhalle", "album": "spendierhosen"},
	{"before": "Jetzt drückt der spitze", "gap": "Schuh", "after": "an meinem Drudenfuß", "song": "Leichenhalle", "album": "spendierhosen"},
	{"before": "Die", "gap": "Leichen", "after": "um mich herum, sie sind nicht mehr frisch", "song": "Leichenhalle", "album": "spendierhosen"},
	{"before": "Sagt, ihr Toten, wo kommt ihr denn her? Aus", "gap": "Schlumpfhausen", "after": "bitte sehr!", "song": "Leichenhalle", "album": "spendierhosen"},
	{"before": "Meine Lage ist fatal. Keine", "gap": "Schminke", "after": "kein Kajal", "song": "Leichenhalle", "album": "spendierhosen"},
	{"before": "Herr", "gap": "Bundeskanzler", "after": "ich weiß, sie haben es schwer", "song": "Der Optimist", "album": "spendierhosen"},
	{"before": "Und nur wegen etwas", "gap": "Schmiergeld", "after": "schreit schon wieder die ganze Welt", "song": "Der Optimist", "album": "spendierhosen"},
	{"before": "Weil wir alle den Müll trennen, und", "gap": "Motoren ", "after": "nur bleifrei brennen", "song": "Der Optimist", "album": "spendierhosen"},
	{"before": "Da geht mein", "gap": "Baby", "after": "und sie ist nicht mehr allein", "song": "Der Optimist", "album": "spendierhosen"},
	{"before": "Die Polizei wäre", "gap": "arbeitslos", "after": "das wäre wirklich grandios", "song": "Alles so einfach", "album": "spendierhosen"},
	{"before": "Wenn das mal alles so einfach wäre, dann hätt ich", "gap": "drei", "after": "Sorgen weniger", "song": "Alles so einfach", "album": "spendierhosen"},
	{"before": "Du bist gegen Armut und gegen Gewalt. Und gegen", "gap": "Rassismus", "after": "in jeder Gestalt", "song": "Alles so einfach", "album": "spendierhosen"},
	{"before": "Du willst Liebe für alle und", "gap": "Brot", "after": "für die Welt", "song": "Alles so einfach", "album": "spendierhosen"},
	{"before": "Und einen", "gap": "Politiker", "after": "der das, was er verspricht, auch wirklich hält", "song": "Alles so einfach", "album": "spendierhosen"},
	{"before": "Auf der Suche nach Amüsement und zügellosem", "gap": "Sex", "after": "", "song": "N 48.3", "album": "spendierhosen"},
	{"before": "90-60-90 und", "gap": "Beine", "after": "bis zum Hals", "song": "N 48.3", "album": "spendierhosen"},
	{"before": "Und jetzt beeil dich, unser", "gap": "Taxi", "after": "steht schon draußen vor der Tür", "song": "N 48.3", "album": "spendierhosen"},
	{"before": "Lange Haare, große", "gap": "Augen", "after": "die war genau mein Fall", "song": "N 48.3", "album": "spendierhosen"},
	{"before": "Aber ich zeigte ihr trotzdem, wo der", "gap": "Tanzhammer", "after": "so hängt", "song": "N 48.3", "album": "spendierhosen"},
	{"before": "Ich sah sofort, ihr", "gap": "Busen", "after": "der war echt", "song": "N 48.3", "album": "spendierhosen"},
	{"before": "Oh, ist der Papst", "gap": "katholisch", "after": "Und schon waren wir bei ihr", "song": "N 48.3", "album": "spendierhosen"},
	{"before": "Es darf nicht wahr sein, vorzeitiger", "gap": "Samenerguss", "after": "", "song": "N 48.3", "album": "spendierhosen"},
	{"before": "Da lächelte sie und hob ihr", "gap": "Knie", "after": "Und rammte es mit voller Wucht in meinen Bauch", "song": "Manchmal haben Frauen...", "album": "spendierhosen"},
	{"before": "Immer, ja wirklich immer, haben", "gap": "Typen", "after": "wie du, was auf die Fresse verdient", "song": "Manchmal haben Frauen...", "album": "spendierhosen"},
	{"before": "In einer Bar sprach er mich an, er war", "gap": "betrunken", "after": "und er roch nach Schweiß", "song": "Manchmal haben Frauen...", "album": "spendierhosen"},
	{"before": "[...] aber nur manchmal, haben Frauen ein kleines bisschen", "gap": "Haue", "after": "gern", "song": "Manchmal haben Frauen...", "album": "spendierhosen"},
	{"before": "Doch zum Glück gibt es", "gap": "Las Vegas", "after": "Wo die Sonne immer scheint", "song": "Las Vegas", "album": "spendierhosen"},
	{"before": "Hey Buddy lass die", "gap": "Würfel", "after": "rollen, ss ist schon so verdammt lang her", "song": "Las Vegas", "album": "spendierhosen"},
	{"before": "Wünscht beim", "gap": "Black Jack", "after": "mir Toi Toi Toi", "song": "Las Vegas", "album": "spendierhosen"},
	{"before": "Du hast mir nichts als", "gap": "Pech", "after": "gebracht, hast mich nur belogen", "song": "Yoko Ono", "album": "spendierhosen"},
	{"before": "Du nervst noch mehr als", "gap": "Yoko Ono", "after": "Gehst mir ewig auf den Sack", "song": "Yoko Ono", "album": "spendierhosen"},
	{"before": "An unsere", "gap": "Anfangszeit", "after": "denk ich daran, erfüllt es mich immer mit Traurigkeit", "song": "Rock Rendezvous", "album": "spendierhosen"},
	{"before": "Farin, ich will dich", "gap": "ficken", "after": "Und das schon seit 17 Jahrn!", "song": "Rock Rendezvous", "album": "spendierhosen"},
	{"before": "Komm schon", "gap": "Farin", "after": "mach mich froh, ich will an deinen süßen Po", "song": "Rock Rendezvous", "album": "spendierhosen"},
	{"before": "In meiner Phantasie, tummelten wir uns nackt wie", "gap": "Griechen", "after": "der Mythologie!", "song": "Rock Rendezvous", "album": "spendierhosen"},
	{"before": "Ich aß Brei aus Deinem", "gap": "Nabel", "after": "aber irgendwie [...]", "song": "Rock Rendezvous", "album": "spendierhosen"},
	{"before": "Die Liebe unter", "gap": "Männern", "after": "ist doch Teufelszeugs!", "song": "Rock Rendezvous", "album": "spendierhosen"},
	{"before": "Wir wollen nur, dass Dir die Poperze ein bisschen", "gap": "brennt", "after": "", "song": "Rock Rendezvous", "album": "spendierhosen"},
	{"before": "Gib", "gap": "Schweinen", "after": "eine Chance, lass die armen Rinder in Ruh", "song": "Baby", "album": "spendierhosen"},
	{"before": "Hol die Hühner aus dem Käfig, die schmecken nicht besser als", "gap": "du", "after": "", "song": "Baby", "album": "spendierhosen"},
	{"before": "Iss lieber einen", "gap": "Menschen", "after": "gegen den Hunger, für eine bessere Welt", "song": "Baby", "album": "spendierhosen"},
	{"before": "Gib ihm ein", "gap": "Überraschungsei", "after": "und du kriegst frisches Fleisch dafür", "song": "Baby", "album": "spendierhosen"},
	{"before": "Gib Schweinen eine Chance, lass die armen", "gap": "Rinder", "after": "in Ruh", "song": "Baby", "album": "spendierhosen"},
	{"before": "Und ohne", "gap": "Bart", "after": "schmecken die Spitze, gib Schweinen eine Chance", "song": "Baby", "album": "spendierhosen"},
	{"before": "Kann das sein - sie ist nicht nur", "gap": "Schein", "after": "", "song": "Kann es sein?", "album": "spendierhosen"},
	{"before": "[...] dir den Weg verbaust, wirst du nie die", "gap": "Wahrheit", "after": "wissen", "song": "Kann es sein?", "album": "spendierhosen"},
	{"before": "Endlich kommt der", "gap": "Sommer", "after": "wieder, wir freuen uns, wir knien nieder", "song": "Ein Sommer nur für mich", "album": "spendierhosen"},
	{"before": "Scheint die Sonne auch für", "gap": "Nazis", "after": "Ich könnt's nicht verstehen", "song": "Ein Sommer nur für mich", "album": "spendierhosen"},
	{"before": "Können", "gap": "Rassisten", "after": "etwa auch den blauen Himmel sehen?", "song": "Ein Sommer nur für mich", "album": "spendierhosen"},
	{"before": "Dürfen Faschos auch", "gap": "verreisen", "after": "Das wär' ungerecht", "song": "Ein Sommer nur für mich", "album": "spendierhosen"},
	{"before": "Barfuß auf der Wiese stehen, mit einem Fuß im", "gap": "Hundehaufen", "after": "", "song": "Ein Sommer nur für mich", "album": "spendierhosen"},
	{"before": "Die Welt, sie ist ein", "gap": "Freudenhaus", "after": "Und wir machen das Beste draus", "song": "Rock'n'Roll Übermensch", "album": "spendierhosen"},
	{"before": "Ich bin nicht lieb, nur weil ich muss und", "gap": "brumme", "after": "gerne bei Genuss", "song": "Rock'n'Roll Übermensch", "album": "spendierhosen"},
	{"before": "Ich fliege über euer Land, bin von fernen", "gap": "Galaxien", "after": "zu euch gesandt", "song": "Rock'n'Roll Übermensch", "album": "spendierhosen"},
	{"before": "Verhasst in der", "gap": "Klasse", "after": "und Ärger mit den Eltern sowieso", "song": "Herrliche Jahre", "album": "spendierhosen"},
	{"before": "Jetzt hast du Stress bei der Arbeit und deine", "gap": "Freundin", "after": "kotzt dich auch schon lange an", "song": "Herrliche Jahre", "album": "spendierhosen"},
	{"before": "Und du kennst", "gap": "glückliche", "after": "Menschen nur aus den Filmen, die du siehst", "song": "Herrliche Jahre", "album": "spendierhosen"},





	{"before": "Der Himmel ist blau, und der Rest deines Lebens wird", "gap": "schön", "after": "", "song": "Himmelblau", "album": "jazz"},
	{"before": "Du hast ein", "gap": "gutes", "after": "Gefühl, du denkst an all die schönen Zeiten", "song": "Himmelblau", "album": "jazz"},
	{"before": "Trotzdem setzte ich mich zwischen alle", "gap": "Stühle", "after": "", "song": "Lied vom Scheitern", "album": "jazz"},
	{"before": "Sah nicht die", "gap": "Dämonen", "after": "die mich dazu trieben", "song": "Lied vom Scheitern", "album": "jazz"},
	{"before": "Und am Ende war der Lohn", "gap": "Frustration", "after": "", "song": "Lied vom Scheitern", "album": "jazz"},
	{"before": "Dein", "gap": "Spiegelbild", "after": "ist anderen egal", "song": "Lied vom Scheitern", "album": "jazz"},
	{"before": "Wer", "gap": "Wahrheit", "after": "simuliert, wird nur kurz akzeptiert", "song": "Lied vom Scheitern", "album": "jazz"},
	{"before": "Ich will deinen", "gap": "Elan", "after": "doch überhaupt nicht dämpfen", "song": "Lied vom Scheitern", "album": "jazz"},
	{"before": "und die Welt sieht für uns jetzt viel", "gap": "bunter", "after": "aus", "song": "Breit", "album": "jazz"},
	{"before": "So breit - so froh, uns hängt die", "gap": "Zunge", "after": "zum Halse raus", "song": "Breit", "album": "jazz"},
	{"before": "Weg mit dem alten", "gap": "Gehirn", "after": "du solltest es auch mal probier'n", "song": "Breit", "album": "jazz"},
	{"before": "Die", "gap": "Tapete", "after": "ist dermaßen schön, ich will gar nichts andres mehr seh'n", "song": "Breit", "album": "jazz"},
	{"before": "Bist eine", "gap": "Schande", "after": "für die ganze Nachbarschaft", "song": "Lasse redn", "album": "jazz"},
	{"before": "Lass die Leute", "gap": "reden", "after": "und hör ihnen nicht zu", "song": "Lasse redn", "album": "jazz"},
	{"before": "Und wieder mal zeigt sich: Sie sind", "gap": "kleinlich", "after": "unvermeidlich fremdenfeindlich", "song": "Lasse redn", "album": "jazz"},
	{"before": "Der Kollege eines", "gap": "Schwagers", "after": "hat dich neulich geseh'n", "song": "Lasse redn", "album": "jazz"},
	{"before": "Die meisten Leute haben ihre", "gap": "Bildung", "after": "aus der BILD", "song": "Lasse redn", "album": "jazz"},
	{"before": "Aus Angst, Hass,", "gap": "Titten", "after": "und dem Wetterbericht", "song": "Lasse redn", "album": "jazz"},
	{"before": "Er nennt es", "gap": "Freiheit", "after": "und gerecht, das fandest du auch erst nicht schlecht", "song": "Die ewige Maitresse", "album": "jazz"},
	{"before": "Er kann", "gap": "zärtlich", "after": "zu dir sein, doch lässt er dich danach allein", "song": "Die ewige Maitresse", "album": "jazz"},
	{"before": "Guck dir den", "gap": "Dieter", "after": "an, der hat sogar ein Auto", "song": "Junge", "album": "jazz"},
	{"before": "Warum gehst du nicht zu", "gap": "Onkel", "after": "Werner in die Werkstatt?", "song": "Junge", "album": "jazz"},
	{"before": "Es ist noch nicht zu spät, dich an der", "gap": "Uni", "after": "einzuschreiben", "song": "Junge", "album": "jazz"},
	{"before": "Denk an deine Zukunft, denk an deine", "gap": "Eltern", "after": "", "song": "Junge", "album": "jazz"},
	{"before": "Der Sommer war kurz, der", "gap": "Winter", "after": "steht vor der Tür", "song": "Nur einen Kuss", "album": "jazz"},
	{"before": "Bald darauf kam ein", "gap": "Fremder", "after": " in unsere Stadt", "song": "Nur einen Kuss", "album": "jazz"},
	{"before": "Beim ersten", "gap": "Schnee", "after": "waren wir nicht mehr zusammen", "song": "Nur einen Kuss", "album": "jazz"},
	{"before": "Das Gras wurde grün, sie wurde", "gap": "dünn", "after": "und blass", "song": "Nur einen Kuss", "album": "jazz"},
	{"before": "Der Vollmond ging auf, mein", "gap": "Messer", "after": "war kalt wie er", "song": "Nur einen Kuss", "album": "jazz"},
	{"before": "Kerzen brennen und", "gap": "Champagner", "after": "steht bereit", "song": "Perfekt", "album": "jazz"},
	{"before": "Schenk uns noch ein Glas", "gap": "Sekt", "after": " ein, wenn das grad keine Sternschnuppe war", "song": "Perfekt", "album": "jazz"},
	{"before": "Warum denk ich an", "gap": "Sex", "after": "wenn du grad romantisch bist", "song": "Perfekt", "album": "jazz"},
	{"before": "Du sagst, du würdest auch ohne mich", "gap": "froh", "after": "", "song": "Heulerei", "album": "jazz"},
	{"before": "Du würdest vollständig dehydrieren, alles in", "gap": "Taschentücher", "after": "investieren", "song": "Heulerei", "album": "jazz"},
	{"before": "Ich bin es leid - ich hab es satt, mein", "gap": "Image", "after": "ist mir viel zu glatt", "song": "Licht am Ende des Sarges", "album": "jazz"},
	{"before": "Will fühlen, was andre fühlen, ins", "gap": "Schwimmbad", "after": "gehen und Fußball spielen", "song": "Licht am Ende des Sarges", "album": "jazz"},
	{"before": "Statt seiner gibts den", "gap": "lustigen", "after": "Vampir", "song": "Licht am Ende des Sarges", "album": "jazz"},
	{"before": "Hoch die", "gap": "Tassen", "after": "jetzt wird gelebt", "song": "Licht am Ende des Sarges", "album": "jazz"},
	{"before": "Sing shalala und shalalu, alles, was ich", "gap": "denken", "after": "kann, bist du", "song": "Niedliches Liebeslied", "album": "jazz"},
	{"before": "Und selbst der", "gap": "Pudding", "after": "aus der Kantine, weiß, du gehörst zu mir", "song": "Niedliches Liebeslied", "album": "jazz"},
	{"before": "Deine Freundin ist in der Tat so überhaupt nicht", "gap": "Pflegeleicht ", "after": "", "song": "Deine Freundin (wäre mir zu anstrengend)", "album": "jazz"},
	{"before": "Kochst du ihr Nudeln, möchte sie", "gap": "Fisch", "after": "", "song": "Deine Freundin (wäre mir zu anstrengend)", "album": "jazz"},
	{"before": "Schenkst du ihr Blumen, ist sie dagegen", "gap": "allergisch", "after": "", "song": "Deine Freundin (wäre mir zu anstrengend)", "album": "jazz"},
	{"before": "Weil es nicht so leicht ist, nur der zu sein, der du als", "gap": "Kind", "after": "schon werden solltest", "song": "Allein", "album": "jazz"},
	{"before": "Du warst auch mal", "gap": "verliebt", "after": "doch das ist lange her", "song": "Allein", "album": "jazz"},
	{"before": "Hast dein", "gap": "Gefühl", "after": "einfach getötet, irgendwann", "song": "Allein", "album": "jazz"},
	{"before": "Das kommt davon, wenn man illegal", "gap": "Musik", "after": "runterlädt", "song": "Tu das nicht", "album": "jazz"},
	{"before": "Wir leben vom Inhalt deiner", "gap": "Brieftasche", "after": "", "song": "Tu das nicht", "album": "jazz"},
	{"before": "Die Blumen blüh'n, als würden sie dafür", "gap": "bezahlt", "after": "", "song": "Living Hell", "album": "jazz"},
	{"before": "Ich brauch' kein", "gap": "Haus", "after": "aus purem Gold", "song": "Living Hell", "album": "jazz"},
	{"before": "Ich kann doch nichts dafür, dass ich ein", "gap": "Glückspilz", "after": "bin", "song": "Living Hell", "album": "jazz"},
	{"before": "Und du liest jeden Tag dein", "gap": "Horoskop", "after": "Auch wenn gar nichts darin steht", "song": "Vorbei ist vorbei", "album": "jazz"},
	{"before": "Menschen werden entführt und in", "gap": "Lager", "after": "gebacht", "song": "Wir sind die Besten", "album": "jazz"},
	{"before": "Wir sind wie guter", "gap": "Whiskey", "after": "viele Jahre gereift", "song": "Wir sind die Besten", "album": "jazz"},
	{"before": "Vom Pol bis zum", "gap": "Äquator", "after": "und auch in Ulan Bator", "song": "Wir sind die Besten", "album": "jazz"},
	{"before": "Man muss sie federn und teeren und den", "gap": "Darm", "after": "auf ihnen entleeren", "song": "Wir sind die Besten", "album": "jazz"},
	{"before": "Wir sitzen hier im", "gap": "Olymp", "after": "wir sitzen ziemlich bequem", "song": "Wir sind die Besten", "album": "jazz"},
	{"before": "Vom Süden bis zum Norden, in", "gap": "Wüsten", "after": "und in Fjorden", "song": "Wir sind die Besten", "album": "jazz"},
	{"before": "Für den früheren", "gap": "Schlagzeuger", "after": "Der damals unbestritten besten Band der Welt", "song": "Wir waren die Besten", "album": "jazz"},
	{"before": "Früher haben wir geträumt in nassen", "gap": "Übungskellern", "after": "in London und Paris", "song": "Wir waren die Besten", "album": "jazz"},
	{"before": "Und du hast einfach kein Feeling und kein bisschen", "gap": "Rock", "after": "im Blut", "song": "Wir waren die Besten", "album": "jazz"},
	{"before": "Aufgepasst, mein Freund:", "gap": "Humor", "after": "nehmen wir todernst", "song": "Wir sind die Lustigsten", "album": "jazz"},
	{"before": "Glaubst du, wir haben Frohsinn mit großen", "gap": "Löffeln", "after": "gegessen?", "song": "Wir sind die Lustigsten", "album": "jazz"},
	{"before": "Und scheint unser", "gap": "Niveau", "after": "manchmal dumm oder einfach nur abgrundtief", "song": "Wir sind die Lustigsten", "album": "jazz"},
	{"before": "Auch", "gap": "Treppenwitze", "after": "sind unsere Spezialität", "song": "Wir sind die Lustigsten", "album": "jazz"},





	{"before": "Dieses Jahr am ersten", "gap": "Mai", "after": "besuchst du ihre Tante", "song": "Ist das noch Punkrock?", "album": "auch"},
	{"before": "Sie heißt", "gap": "Andrea", "after": "ihre Haare sind blau", "song": "Ist das noch Punkrock?", "album": "auch"},
	{"before": "Der", "gap": "Fernseher", "after": "vorm Bett war keine gute Idee", "song": "Bettmagnet", "album": "auch"},
	{"before": "Oder kann uns schnell noch eine", "gap": "Pizza", "after": "mitbestellen?", "song": "Bettmagnet", "album": "auch"},
	{"before": "Ich bin der Sohn der", "gap": "absoluten", "after": "Leere", "song": "Sohn der Leere", "album": "auch"},
	{"before": "Früher waren hier noch Wiesen", "gap": "Elfen", "after": "Einhörner und Riesen", "song": "Sohn der Leere", "album": "auch"},
	{"before": "Dann kam der große", "gap": "Knall", "after": "Und alles verschwand im All", "song": "Sohn der Leere", "album": "auch"},
	{"before": "Deine", "gap": "Frisur", "after": "gefällt mir, ziemlich subtil", "song": "TCR", "album": "auch"},
	{"before": "Wir kümmern uns um den", "gap": "Rock", "after": "", "song": "TCR", "album": "auch"},
	{"before": "Ihr lagt schon vor", "gap": "Madagaskar", "after": "was habt ihr da wohl bestellt", "song": "TCR", "album": "auch"},
	{"before": "Nur weil die", "gap": "Angst", "after": "regiert, heißt das nicht das du auch welche hast", "song": "Das darfst du", "album": "auch"},
	{"before": "[...] irrst durch Berlin im", "gap": "Drogenwahn", "after": "?", "song": "Tamagotchi", "album": "auch"},
	{"before": "Wir müssen echt mal wieder", "gap": "speaken", "after": "", "song": "Tamagotchi", "album": "auch"},
	{"before": "Auf die Tanzflächen der", "gap": "Republik", "after": "", "song": "M&F", "album": "auch"},
	{"before": "Von Brusthaartoupet bis", "gap": "Botoxmaske", "after": "", "song": "M&F", "album": "auch"},
	{"before": "Hier kann man", "gap": "Hormone", "after": "bei der Arbeit seh'n", "song": "M&F", "album": "auch"},
	{"before": "Punk ist der", "gap": "Mainstream", "after": "jetzt, mach du mal schön dein Ding", "song": "Freundschaft ist Kunst", "album": "auch"},
	{"before": "Ich häng' mit", "gap": "Künstlern", "after": "ab, da weiß ich, was ich hab'", "song": "Freundschaft ist Kunst", "album": "auch"},
	{"before": "Über", "gap": "Typen", "after": "wie dich lästern", "song": "Angekumpelt", "album": "auch"},
	{"before": "Man sieht dir wirklich sofort an, dass du", "gap": "Anschluss", "after": "suchst", "song": "Angekumpelt", "album": "auch"},
	{"before": "Du willst Freunde", "gap": "adden", "after": "ich bin heut dein Armageddon", "song": "Angekumpelt", "album": "auch"},
	{"before": "[...] endlich rausgeschafft nach zwanzig Jahren", "gap": "Isohaft", "after": "Und müsste deine Fresse sehen", "song": "Angekumpelt", "album": "auch"},
	{"before": "Das sah ich ein Stück", "gap": "Holz", "after": "das sah heilig aus", "song": "Waldspaziergang mit Folgen", "album": "auch"},
	{"before": "Und da schnitzte ich mir einen", "gap": "Gott", "after": "daraus", "song": "Waldspaziergang mit Folgen", "album": "auch"},
	{"before": "Ich habe einen Gott bei mir im", "gap": "Regal", "after": "", "song": "Waldspaziergang mit Folgen", "album": "auch"},
	{"before": "Andere Leute haben", "gap": "Bücher", "after": "das wär mir zu banal", "song": "Waldspaziergang mit Folgen", "album": "auch"},
	{"before": "", "gap": "Normalerweise", "after": "kann ich reden, als wär ich ein Buch", "song": "Fiasko", "album": "auch"},
	{"before": "Ich öffne meinen Mund, totale", "gap": "Amnesie", "after": "", "song": "Fiasko", "album": "auch"},
	{"before": "Du bist nichts wert, du riechst wie", "gap": "Pferd", "after": "", "song": "Miststück", "album": "auch"},
	{"before": "Im Bad liegen noch zwei, drei", "gap": "Tampons", "after": "sie sind von dir, ich bewahre sie auf", "song": "Miststück", "album": "auch"},
	{"before": "Wärst du ein Stoff dann wärst du", "gap": "Filz", "after": "", "song": "Miststück", "album": "auch"},
	{"before": "Wärst du ein", "gap": "Eis", "after": "dann eins, das schmilzt", "song": "Miststück", "album": "auch"},
	{"before": "Denn endlich ist", "gap": "endlich", "after": "unendlich", "song": "Das finde ich gut", "album": "auch"},
	{"before": "Denn hier weiß keiner, was", "gap": "Sünde", "after": "ist", "song": "Das finde ich gut", "album": "auch"},
	{"before": "Batman, Hulk und", "gap": "Spinne", "after": "ihr habt ausgedient", "song": "Cpt. Metal", "album": "auch"},
	{"before": "Aber \"Phon\" heißt jetzt", "gap": "dB", "after": "", "song": "Cpt. Metal", "album": "auch"},
	{"before": "Die", "gap": "Black Eyed Peas", "after": "laufen überall den ganzen Tag", "song": "Cpt. Metal", "album": "auch"},
	{"before": "Ich bewerf dich mit", "gap": "Wattebällchen", "after": "jeden Tag jede Nacht", "song": "Die Hard", "album": "auch"},
	{"before": "Ich werde dich mit", "gap": "Wattestäbchen", "after": "ausradieren, das wär doch gelacht", "song": "Die Hard", "album": "auch"},
	{"before": "Fangen wir doch gleich mal an, bei diesem hässlichen", "gap": "Arschgeweih", "after": "", "song": "Die Hard", "album": "auch"},
	{"before": "Einer der deinen", "gap": "Göttern", "after": "näher ist als du", "song": "zeiDverschwÄndung", "album": "auch"},
	{"before": "Hast du nichts besseres zu tun als die", "gap": "die Ärzte", "after": "zu hör'n", "song": "zeiDverschwÄndung", "album": "auch"},
	{"before": "Es gibt soviel schöne neue Musik, auch", "gap": "deutsch", "after": "gesungen", "song": "zeiDverschwÄndung", "album": "auch"},
	{"before": "Werde", "gap": "Terrorist", "after": "und verbreite Angst und Furcht", "song": "zeiDverschwÄndung", "album": "auch"},
	{"before": "Jetzt wird es Zeit dein'", "gap": "Player", "after": "von unseren Songs zu leer'n", "song": "zeiDverschwÄndung", "album": "auch"},





	{"before": "Die Ärzte 1.0, jetzt endlich auch in", "gap": "Stereo", "after": "", "song": "E.V.J.M.F.", "album": "hell"},
	{"before": "Du musst auch den", "gap": "Amp", "after": "einschalten", "song": "PLAN B", "album": "hell"},
	{"before": "Der Bass, Schlagzeug,", "gap": "Hahn", "after": "Leute!", "song": "PLAN B", "album": "hell"},
	{"before": "Darum gebt mir bitte niemals eine", "gap": "Vorbildfunktion", "after": "", "song": "PLAN B", "album": "hell"},
	{"before": "Dies ist mein Leben, 'ne verdammte", "gap": "Odyssee", "after": "", "song": "PLAN B", "album": "hell"},
	{"before": "", "gap": "Wein", "after": "Weib und Gesang, doch ohne Müßiggang", "song": "ACHTUNG: BIELEFELD", "album": "hell"},
	{"before": "I have a dream", "gap": "longwhile extreme", "after": "", "song": "ACHTUNG: BIELEFELD", "album": "hell"},
	{"before": "Aber ich denke, dass eine Mutter in", "gap": "Aleppo", "after": "sich auch ganz gern mal langweilen würde", "song": "ACHTUNG: BIELEFELD", "album": "hell"},
	{"before": "", "gap": "Impfgegner", "after": "und Reichsbürger und all die ander'n Clowns", "song": "WARUM SPRICHT NIEMAND ÜBER GITARRISTEN?", "album": "hell"},
	{"before": "Ey, der hält sich wohl für", "gap": "Goethe", "after": "", "song": "WARUM SPRICHT NIEMAND ÜBER GITARRISTEN?", "album": "hell"},
	{"before": "Deine Zukunft ist dir", "gap": "Currywurst", "after": "", "song": "MORGENS PAUKEN", "album": "hell"},
	{"before": "Nennst deine Kinder", "gap": "Gloriola", "after": "und Klaus", "song": "MORGENS PAUKEN", "album": "hell"},
	{"before": "Du nimmst Drogen im", "gap": "Ferienhaus", "after": "", "song": "MORGENS PAUKEN", "album": "hell"},
	{"before": "Statt Seeluft rieche ich nur", "gap": "Diesel", "after": "Dreck und Teer", "song": "DAS LETZTE LIED DES SOMMERS", "album": "hell"},
	{"before": "Ich hab mir vorgestellt, dass ich grad", "gap": "barfuß", "after": "lauf", "song": "DAS LETZTE LIED DES SOMMERS", "album": "hell"},
	{"before": "Verlässt ihn all sein Mut, denn nur im", "gap": "Dunkeln", "after": "geht's ihm gut", "song": "CLOWN AUS DEM HOSPIZ", "album": "hell"},
	{"before": "Schenkst uns pure Schönheit und dunkle", "gap": "Fantasien", "after": "", "song": "CLOWN AUS DEM HOSPIZ", "album": "hell"},
	{"before": "Ich mit zwei, was guck' ich fies, meine Eltern sind schon", "gap": "geschieden", "after": "", "song": "ICH, AM STRAND", "album": "hell"},
	{"before": "Ich mit der", "gap": "Geburtstagstorte", "after": "lachend, weil ich's einfach nicht kapier'", "song": "ICH, AM STRAND", "album": "hell"},
	{"before": "Ich mit Nina, Hose", "gap": "beult", "after": "", "song": "ICH, AM STRAND", "album": "hell"},
	{"before": "Ich, wie ich mich nach", "gap": "Kippen", "after": "bücke", "song": "ICH, AM STRAND", "album": "hell"},
	{"before": "Die", "gap": "Sichel", "after": "des Mondes mischt sich mit Kerzenlicht", "song": "TRUE ROMANCE", "album": "hell"},
	{"before": "Es gibt nicht viele Reime auf", "gap": "Alexa", "after": "", "song": "TRUE ROMANCE", "album": "hell"},
	{"before": "Marvin Gaye singt und es knistert nicht nur das", "gap": "Vinyl", "after": "", "song": "TRUE ROMANCE", "album": "hell"},
	{"before": "Von meinem", "gap": "Alter Ego", "after": "H.P. Baxxter", "song": "TRUE ROMANCE", "album": "hell"},
	{"before": "Als ich mich durch die", "gap": "Bartür", "after": "auf die Straße ergoss", "song": "EINMAL EIN BIER", "album": "hell"},
	{"before": "Ich schwamm mit den", "gap": "Stimmen", "after": "es waren hunderte", "song": "EINMAL EIN BIER", "album": "hell"},
	{"before": "Ein Bier wie goldgelber", "gap": "Sonnenschein", "after": "", "song": "EINMAL EIN BIER", "album": "hell"},
	{"before": "Jedoch, trotz aller Frustration:", "gap": "Verlieren", "after": "ist keine Option", "song": "WER VERLIERT, HAT SCHON VERLOREN", "album": "hell"},
	{"before": "Und heute Nacht brennt", "gap": "Babylon", "after": "", "song": "WER VERLIERT, HAT SCHON VERLOREN", "album": "hell"},
	{"before": "Aus", "gap": "Plastiktütenmüll", "after": "und Haare aus Acryl", "song": "POLYESTER", "album": "hell"},
	{"before": "Blau wie das", "gap": "Aldi", "after": "-Logo, tanz den Plastik-Pogo", "song": "POLYESTER", "album": "hell"},
	{"before": "Ein", "gap": "Herz", "after": "aus Ethylen kann allem widerstehen", "song": "POLYESTER", "album": "hell"},
	{"before": "Ich fühle mich so fremd im Polyester-", "gap": "Zombiehemd", "after": "", "song": "POLYESTER", "album": "hell"},
	{"before": "Ein", "gap": "Waschlappen", "after": "ist ohne Grund vom Haken gefallen", "song": "FEXXO CIGOL", "album": "hell"},
	{"before": "Nur diesmal betraf es einen Sack", "gap": "Reis", "after": "", "song": "FEXXO CIGOL", "album": "hell"},
	{"before": "Und heute hat sie nur noch ein", "gap": "Fenster", "after": "-Tattoo", "song": "LIEBE GEGEN RECHTS", "album": "hell"},
	{"before": "Meine Freundin hieß früher", "gap": "Bernd", "after": "", "song": "LIEBE GEGEN RECHTS", "album": "hell"},
	{"before": "In Sport 'ne Niete, kein Talent für", "gap": "Musik", "after": "", "song": "ALLE AUF BRILLE", "album": "hell"},
	{"before": "Wir haben meistens Wut, wir haben immer", "gap": "Bier", "after": "", "song": "ALLE AUF BRILLE", "album": "hell"},
	{"before": "Mein", "gap": "Sixpack", "after": "kann ich nur noch auf der Leinwand sehen", "song": "THOR", "album": "hell"},
	{"before": "Chris Hemsworth hat meinen", "gap": "Körper", "after": "geklaut oder war es die Schokolade?", "song": "THOR", "album": "hell"},
	{"before": "So viele", "gap": "Sterne", "after": "waren die im Sonderangebot?", "song": "LEBEN VOR DEM TOD", "album": "hell"},
	{"before": "Wie sagte schon Lennon?", "gap": "Liebe", "after": "ist alles, was du brauchst", "song": "LEBEN VOR DEM TOD", "album": "hell"},
	{"before": "Ich muss mich", "gap": "bewegen", "after": "das Wasser ist kalt auf meiner Haut", "song": "LEBEN VOR DEM TOD", "album": "hell"},
	{"before": "Ich trete ein in die", "gap": "AfD", "after": "und dann werd' ich …", "song": "WOODBURGER", "album": "hell"},
	{"before": "Man muss als", "gap": "Gitarrist", "after": "auch Opfer bringen", "song": "WOODBURGER", "album": "hell"},
	{"before": "", "gap": "Streicheln", "after": "oder peitschen, wer's härter mag", "song": "WOODBURGER", "album": "hell"},
	{"before": "Ich werde", "gap": "Vaseline", "after": " in die Hand nehmen und ich mach sie …", "song": "WOODBURGER", "album": "hell"},





	{"before": "Unser Soundtrack für die Bundesrepublik:", "gap": "Karnickelfickmusik", "after": "", "song": "KFM", "album": "dunkel"},
	{"before": "Mein", "gap": "Babykleid", "after": "brachte mich zum Wein'n", "song": "DUNKEL", "album": "dunkel"},
	{"before": "Mein Humor ist schwarz, schwarz wie", "gap": "Kaffee", "after": "", "song": "DUNKEL", "album": "dunkel"},
	{"before": "Wie lange wird es dauern bis zur", "gap": "Exekution", "after": "?", "song": "ANTI", "album": "dunkel"},
	{"before": "", "gap": "Kommunismus", "after": "oder Religion?", "song": "ANTI", "album": "dunkel"},
	{"before": "Es gibt noch kein", "gap": "Gewehr", "after": "um solche Doofheit zu kill'n", "song": "DOOF", "album": "dunkel"},
	{"before": "Muss dend unser", "gap": "Hirn", "after": "verrost'n", "song": "DOOF", "album": "dunkel"},
	{"before": "Und", "gap": "Homosexualität", "after": "soll heilbar sein", "song": "DOOF", "album": "dunkel"},
	{"before": "Verblödet und für", "gap": "Argumente", "after": "blind", "song": "DOOF", "album": "dunkel"},
	{"before": "Bewaffnet mit ei'm", "gap": "Presslufthammer", "after": "", "song": "SCHREI", "album": "dunkel"},
	{"before": "Geuheul, Schrei und", "gap": "Gejammer", "after": "", "song": "SCHREI", "album": "dunkel"},
	{"before": "Du stemmst gut", "gap": "hundertachtzig", "after": "Kilo, wenn dir morgens danach ist", "song": "KRAFT", "album": "dunkel"},
	{"before": "Transportier'n Informationen, Emotionen,", "gap": "Trost", "after": "und Hass", "song": "KRAFT", "album": "dunkel"},
	{"before": "Worte bring'n dich auf die Bühne und in", "gap": "Untersuchungshaft", "after": "", "song": "KRAFT", "album": "dunkel"},
	{"before": "Füllen", "gap": "Liebesbriefe", "after": "Bürcher und Gesetze", "song": "KRAFT", "album": "dunkel"},
	{"before": "Ein Herz", "gap": "trocknet", "after": "erst, dann zerbricht's", "song": "SCHWEIGEN", "album": "dunkel"},
	{"before": "Angesichts des", "gap": "Bösen", "after": "und ließ es gewähr'n", "song": "SCHWEIGEN", "album": "dunkel"},
	{"before": "Nein,", "gap": "Schweigen", "after": "ändert nichts", "song": "SCHWEIGEN", "album": "dunkel"},
	{"before": "Ich weiß, es wird bald", "gap": "regnen", "after": "denn schließlich bin ich hier", "song": "TRISTESSE", "album": "dunkel"},
	{"before": "Dann sitze ich allein zuhaus und höre", "gap": "Jazz", "after": "", "song": "TRISTESSE", "album": "dunkel"},
	{"before": "Ich habe keine", "gap": "Freunde", "after": "ich wüsste nicht warum", "song": "TRISTESSE", "album": "dunkel"},
	{"before": "Ich gehe unter, doch es gibt kein", "gap": "SOS", "after": "", "song": "TRISTESSE", "album": "dunkel"},
	{"before": "Auf", "gap": "Mobilphonespeakern", "after": "kann man sowieso kaum was versteh'n", "song": "KERNGESCHÄFT", "album": "dunkel"},
	{"before": "Musik ist älter als", "gap": "Kapitalismus", "after": "", "song": "KERNGESCHÄFT", "album": "dunkel"},
	{"before": "Alle shooten ihre Shoots,", "gap": "Lucky Luke", "after": "cute", "song": "KERNGESCHÄFT", "album": "dunkel"},
	{"before": "Sie übersteht den", "gap": "Hype", "after": "zerlegt jedes Mic", "song": "KERNGESCHÄFT", "album": "dunkel"},
	{"before": "Ein", "gap": "Schatten", "after": "liegt auf deinem Herzen, friert es ein", "song": "NOISE", "album": "dunkel"},
	{"before": "Doch die", "gap": "Langeweile", "after": "schleicht im Schatten deines Glückes hinterher", "song": "NOISE", "album": "dunkel"},
	{"before": "Ein", "gap": "Schlag", "after": "nur, und schon lag sie da", "song": "EINSCHLAG", "album": "dunkel"},
	{"before": "War es der", "gap": "Alkohol", "after": "oder war ich nur gereizt?", "song": "EINSCHLAG", "album": "dunkel"},
	{"before": "Ich bin'n Kerl wie aus'm", "gap": "Bilderbuch", "after": "", "song": "ANASTASIA", "album": "dunkel"},
	{"before": "Mit Haarausfall und", "gap": "Mundgeruch", "after": "verschwitzt im Anzug", "song": "ANASTASIA", "album": "dunkel"},
	{"before": "Früher hab'n wir Frau'n", "gap": "analog", "after": "abgeschleppt", "song": "ANASTASIA", "album": "dunkel"},
	{"before": "Eine hat mich auf", "gap": "Tinder", "after": "nach rechts geschoben", "song": "ANASTASIA", "album": "dunkel"},
	{"before": "Mein Profilbild ist", "gap": "Justin Bieber", "after": "denn mir sind jüngere Mädchen lieber", "song": "ANASTASIA", "album": "dunkel"},
	{"before": "Und vor dem Alat deiner", "gap": "Jungfräulichkeit", "after": "beten", "song": "ANASTASIA", "album": "dunkel"},
	{"before": "Meine nächste Frau wird wieder", "gap": "aufblasbar", "after": "", "song": "ANASTASIA", "album": "dunkel"},
	{"before": "Dass", "gap": "Perfektion", "after": "nicht nur ein Wort ist", "song": "BESSER", "album": "dunkel"},
	{"before": "Die Sonne stand am Horizont, der Himmel war", "gap": "blutrot", "after": "", "song": "NACHMITTAG", "album": "dunkel"},
	{"before": "Sie war so schön, wie sie dort stand mit ihrer", "gap": "Waffe", "after": "in der Hand", "song": "NACHMITTAG", "album": "dunkel"},
	{"before": "Ich glaub' die ganze Menscheit sollte mal zum", "gap": "Psychiater", "after": "", "song": "MENSCHEN", "album": "dunkel"},
	{"before": "", "gap": "Menschen", "after": "sind für Menschen nicht gemacht", "song": "MENSCHEN", "album": "dunkel"},
	{"before": "Hartnäckig und voller", "gap": "Gleichmut", "after": "scheiterst du am Leben, jeden Tag", "song": "ERHABEN", "album": "dunkel"},
	{"before": "Du hältst nichts von", "gap": "Vollkommenheit", "after": "", "song": "ERHABEN", "album": "dunkel"},
	{"before": "Zum", "gap": "Untergang", "after": "prädestiniert", "song": "ERHABEN", "album": "dunkel"},
	{"before": "Wirf sie nicht weg, es ist unsere", "gap": "Vergangenheit", "after": "", "song": "DANACH", "album": "dunkel"},
	{"before": "Doch ich will nicht mit", "gap": "Hass", "after": "auf unser Leben schau'n", "song": "DANACH", "album": "dunkel"},
	{"before": "Gib es nicht auf, unser", "gap": "Episodenglück", "after": "", "song": "DANACH", "album": "dunkel"},
	{"before": "Immer nur zu meckern auf das blöde", "gap": "Scheißsystem", "after": "das ist schön bequem", "song": "DEMOKRATIE", "album": "dunkel"},
	{"before": "", "gap": "ist kein Fußballspiel", "after": "", "song": "DEMOKRATIE", "album": "dunkel"},
	{"before": "Dein", "gap": "Kreuz", "after": "gegen Hakenkreuze", "song": "DEMOKRATIE", "album": "dunkel"}
]