[
    {"song": "Intro (Manche nennen es Musik)", "lyric": "Manche nennen es Musik, doch für die meist'n ist es Krach"},

    {"song": "Jeden Tag Sonntag", "lyric": "Steuern, Lepra, Katzenpisse"},
    {"song": "Jeden Tag Sonntag", "lyric": "Sie hat gesagt, dass sie mich mag"},

    {"song": "Sumisu", "lyric": "Und da hört'n wir die Smiths"},
    {"song": "Sumisu", "lyric": "Manchmal auch The Cure oder New Order"},
    {"song": "Sumisu", "lyric": "Wir standen ständig auf dem Schulhof in der Ecke"},
    {"song": "Sumisu", "lyric": "Und immer, wenn wir traurig war'n (Und traurig war'n wir ziemlich oft)"},

    {"song": "Glücklich", "lyric": "Bist du Fleischermeister, studierst du Medizin?"},
    {"song": "Glücklich", "lyric": "Bist du Dominatrix oder doch eher devot?"},
    {"song": "Glücklich", "lyric": "Bist du ein Gourmet, bist du Imbissbudenfreund?"},
    {"song": "Glücklich", "lyric": "Hauptsache ist es macht nicht dicklich"},
    {"song": "Glücklich", "lyric": "Solang du nur klärst, es hat ein Rücklicht"},

    {"song": "Ich gehöre nicht dazu", "lyric": "Wäre ich bei minus sieben, nur damit wir uns versteh'n"},
    {"song": "Ich gehöre nicht dazu", "lyric": "Denn ich hab' zwei linke Füße, [...]"},
    {"song": "Ich gehöre nicht dazu", "lyric": "Ist das dein Arsch oder meiner, der mir hier den Weg versperrt?"},
    {"song": "Ich gehöre nicht dazu", "lyric": "Wenn ich die Tanzfläche betrete, bau' ich nur noch Scheiß"},

    {"song": "OK", "lyric": "Ja, es geht mir beschissen. Ja, es ist wegen dir"},
    {"song": "OK", "lyric": "Am Morgen geht die Sonne auf und ich hasse dich"},
    {"song": "OK", "lyric": "Und mit Glück bleibt nur eine Narbe zurück"},

    {"song": "Der Kavalier", "lyric": "Er ist ein älterer Herr mit gütigem Blick"},
    {"song": "Der Kavalier", "lyric": "Wenn du nur an ihn denkst, steht er schon hinter dir"},

    {"song": "Am Strand", "lyric": "Ich hab 'ne Sonnenbrille auf, weil ich sie brauch'"},
    {"song": "Am Strand", "lyric": "Wurdest du vor meinen Augen vom Lastwagen überfahren"},
    {"song": "Am Strand", "lyric": "Dreißig Jahre warst du deiner Firma treu"},
    {"song": "Am Strand", "lyric": "Doch mit dem Meer ist es wie mit der Arbeit"},

    {"song": "Wunderbar", "lyric": "Du bist nicht zu dick, nein, die anderen sind zu dünn"},
    {"song": "Wunderbar", "lyric": "Du bist nicht zu klein, nein, die anderen sind zu groß"},
    {"song": "Wunderbar", "lyric": "Als menschliche Atome hetzen sie sinnlos umher"},
    {"song": "Wunderbar", "lyric": "Wenn Waagen, Stühle und Matratzen einfach unter dir zerplatzen"},

    {"song": "Das schöne Mädchen", "lyric": "Dann gäb ich alles in der Welt um ein Sonnenstrahl zu sein"},
    {"song": "Das schöne Mädchen", "lyric": "Manchmal nehme ich mir frei und dann wart ich hier auf sie"},

    {"song": "1000 Jahre schlechten Sex", "lyric": "Dein Neuer ist hässlich und relativ klein"},
    {"song": "1000 Jahre schlechten Sex", "lyric": "Ich werd's nicht vergessen und Rache ist süß"},
    {"song": "1000 Jahre schlechten Sex", "lyric": "Und wenn du schläfst, kack' ich dir auf den Bauch"},
    {"song": "1000 Jahre schlechten Sex", "lyric": "[...] und dann wirst du ganzkörpertätowiert"},
    {"song": "1000 Jahre schlechten Sex", "lyric": "Wenn auf deiner Stirn steht \"Born to kill\""},

    {"song": "Lieber Staat", "lyric": "Du erklärst mir immer wieder, was erlaubt ist und was nicht"},
    {"song": "Lieber Staat", "lyric": "Ich tätowier mir deine Flagge ins Gesicht"},
    {"song": "Lieber Staat", "lyric": "Es gibt viel zu viel Ausland auf der Welt"},
    {"song": "Lieber Staat", "lyric": "Ich schrob dir dieses Lied, du weißt Bescheid"},
    {"song": "Lieber Staat", "lyric": "Wobei die, die das behaupten, alle Terroristen sind"},

    {"song": "Phänomenal egal", "lyric": "Ich steh zwar ab und zu einfach nur so vor deiner Tür"},
    {"song": "Phänomenal egal", "lyric": "Dein Foto hängt wirklich nur zufällig hier"},
    {"song": "Phänomenal egal", "lyric": "Und auf jeden Fall bin ich fast gar nicht in dich verliebt"},

    {"song": "Abschiedslied", "lyric": "Jede Stunde, jeder Tag, hat meine Ungeduld geschürt"},
    {"song": "Abschiedslied", "lyric": "Vielleicht komm ich ja irgendwann sogar hierher zurück"},
    {"song": "Abschiedslied", "lyric": "Ich weiß nicht, was ich will. Ich weiß auch nicht, wohin"},
    {"song": "Abschiedslied", "lyric": "Ich träume von der weiten Welt so ziemlich jeden Tag"},

    {"song": "Outro (Ja, das wurde auch Zeit)", "lyric": "Noch ein wenig Gebläse und dann ist's vorbei"},
    {"song": "Outro (Ja, das wurde auch Zeit)", "lyric": "Und dieser Tonträger geht seinem Ende zu"},
    {"song": "Outro (Ja, das wurde auch Zeit)", "lyric": "Noch ein Augenblick Gehupe, noch ein bisschen schubidu"},


    {"song": "Der Papst", "lyric": "Er trüge eine hohe Mütze, aufgrund seines Körperbaus"},
    {"song": "Der Papst", "lyric": "Er gäb sich christlich, aber fair"},
    {"song": "Der Papst", "lyric": "Und würde Jauch ihn etwas fragen, kein Problem, er weiß dis"},
    {"song": "Der Papst", "lyric": "Was reimt sich bloß auf Rosenkranz?"},

    {"song": "Wo ist das Problem?", "lyric": "Du wärst gern Supermann, weil den jeder leiden kann"},
    {"song": "Wo ist das Problem?", "lyric": "Du erstickst in Geschenken, weil alle an dich denken"},
    {"song": "Wo ist das Problem?", "lyric": "Du wärst gern unscheinbar, so wie Schnee im Januar"},
    {"song": "Wo ist das Problem?", "lyric": "Dein Telefon seit Jahren still, weil keiner mit dir reden will"},


    {"song": "Saudade", "lyric": "A minha não dá, a minha não é"},
    {"song": "Saudade", "lyric": "Com licença, quero emprestar a sua opinão"},

    {"song": "Petze", "lyric": "Sogar die Einrichtung blieb weitestgehend ganz"},
    {"song": "Petze", "lyric": "Trotz Lebensfreude und trotz Pogo-Tanz"},
    {"song": "Petze", "lyric": "Musstest du den Krieg denn überleben?"},
    {"song": "Petze", "lyric": "Bist damals auch auf Socken in Polen einmarschiert?"},
    {"song": "Petze", "lyric": "Wenn ich mal huste, klopft es gleich an der Wand"},


    {"song": "Stein des Anstoßes", "lyric": "Deine eigenen Füße siehst Du im Gedränge nicht"},
    {"song": "Stein des Anstoßes", "lyric": "Wartest auf kein Urteil, wirfst den ersten Stein"},
    {"song": "Stein des Anstoßes", "lyric": "Geh noch mal zur Schule, denn da gehörst Du hin"},

    {"song": "Buch zum Lesen", "lyric": "Mit schlechten Pornos und synthetischen Drogen"},
    {"song": "Buch zum Lesen", "lyric": "Los, wir verkaufen schlechtes Wetter an Bill Gates"},
    {"song": "Buch zum Lesen", "lyric": "'Ne Frau, um sich mit ihr zu paaren"},
    {"song": "Buch zum Lesen", "lyric": "Komm, lass uns eben schnell den Eiffelturm klauen"},
    {"song": "Buch zum Lesen", "lyric": "Immer noch besser als wie Windows"},


    {"song": "Pudelsong", "lyric": "Dies ist nur 'ne kleine B-Seite, ein Bonus-Track"},
    {"song": "Pudelsong", "lyric": "Dies ist kein Lied vom Album und deshalb reimt sich nichts"},
    {"song": "Pudelsong", "lyric": "Es enthält Vitamine und Spurenelemente"},
    {"song": "Pudelsong", "lyric": "Es ist gesünder als wie Heroin und Crack"},


    {"song": "Der ziemlich okaye Popsong", "lyric": "Ich hätte gern 'ne bessre Welt, um darin zu leben"},
    {"song": "Der ziemlich okaye Popsong", "lyric": "Doch ich geh' nicht in die Politik, das lass ich lieber bleiben"},
    {"song": "Der ziemlich okaye Popsong", "lyric": "Dann würdest du mich küssen, zum ersten Mal im Leben"},
    {"song": "Der ziemlich okaye Popsong", "lyric": "Circa siebzig Meter schon im ersten Jahr"},
    {"song": "Der ziemlich okaye Popsong", "lyric": "Charmanter noch als Österreich"},





    {"song": "Mehr", "lyric": "Geb ich alles - und noch ein bisschen mehr"},
    {"song": "Mehr", "lyric": "Total genial, brutal und kolossal"},
    {"song": "Mehr", "lyric": "Gott ist neidisch, denn zum zweiten Mal"},
    {"song": "Mehr", "lyric": "Denn dieser Tonträger und du sind ab sofort allein zu Haus"},
    {"song": "Mehr", "lyric": "Der Rest der Welt ist sekundär"},

    {"song": "Sonne", "lyric": "Mein Herz ist voll, doch jemand fehlt"},
    {"song": "Sonne", "lyric": "Die Sonne scheint, als wäre nichts passiert"},
    {"song": "Sonne", "lyric": "Es wird schon hell, ich fühl mich leer"},
    {"song": "Sonne", "lyric": "Man kann auch nicht zurückspulen, um das Ende nicht zu sehn"},
    {"song": "Sonne", "lyric": "Ich wünsch mir, dass die Sonne für dich scheint"},
    {"song": "Sonne", "lyric": "Es ist nicht wie im Film, da stirbt der Held zum Schluss"},

    {"song": "Augenblick", "lyric": "Die Haare war'n vom Wind verweht"},
    {"song": "Augenblick", "lyric": "Es gab nur noch das Meer und dich für mich"},

    {"song": "Porzellan", "lyric": "Das Glück ist immer da, wo du nicht bist"},
    {"song": "Porzellan", "lyric": "Du wärst gern jemand anders, Hauptsache, irgendwer"},
    {"song": "Porzellan", "lyric": "Für immer Sklave der Angst, nie wirklich frei"},
    {"song": "Porzellan", "lyric": "Glück ist zerbrechlich, fass es vorsichtig an"},

    {"song": "Unter Wasser", "lyric": "Gib mir die Hand, ich muss dich spüren"},
    {"song": "Unter Wasser", "lyric": "Ich nehme Anlauf und dann springe ich hinein"},
    {"song": "Unter Wasser", "lyric": "Die Welt aus ihren Angeln heben - jetzt ertrinke ich im Meer"},
    {"song": "Unter Wasser", "lyric": "Und der Himmel ist für immer wolkenlos"},
    {"song": "Unter Wasser", "lyric": "Ich kämpfte wie ein kleiner Junge und dann habe ich gelacht"},
    {"song": "Unter Wasser", "lyric": "Mit dem Gefühl, als ob es gleich zu Ende wär"},

    {"song": "Wie ich den Marilyn-Manson-Ähnlichkeitswettbewerb verlor", "lyric": "Der Mann vom Zoll wollte kein Autogramm von mir"},
    {"song": "Wie ich den Marilyn-Manson-Ähnlichkeitswettbewerb verlor", "lyric": "Ich hab ein ganz normales Klo, nix mit Nieten oder so"},
    {"song": "Wie ich den Marilyn-Manson-Ähnlichkeitswettbewerb verlor", "lyric": "Ich trinke äußerst selten Blut, Urin schmeckt fast genauso gut"},
    {"song": "Wie ich den Marilyn-Manson-Ähnlichkeitswettbewerb verlor", "lyric": "Ich hab blond gefärbtes Haar, weils in den 80ern Mode war"},
    {"song": "Wie ich den Marilyn-Manson-Ähnlichkeitswettbewerb verlor", "lyric": "Tofubrötchen, Fencheltee und blanker Neid"},

    {"song": "Unsichtbar", "lyric": "Du stehst gerade mal sechs Meter oder so von mir entfernt"},
    {"song": "Unsichtbar", "lyric": "Ich warte auf ein Lächeln, einen Blick von dir"},
    {"song": "Unsichtbar", "lyric": "Oder ist das dein Programm, was du mit jedem Mann abziehst?"},
    {"song": "Unsichtbar", "lyric": "Und ich mach mich hier zum Affen, ja ich mach mich hier zum Heinz"},

    {"song": "Apocalypse wann anders", "lyric": "Du greifst nach meiner Hand, die nacht ist sternenklar"},
    {"song": "Apocalypse wann anders", "lyric": "Wir müssen nicht viel reden, wir verstehen uns auch so"},
    {"song": "Apocalypse wann anders", "lyric": "Mit deiner Hand in meiner Hand schlafe ich ein"},
    {"song": "Apocalypse wann anders", "lyric": "Wir sitzen hier im Garten und wir warten auf den Weltuntergang"},

    {"song": "Immer noch", "lyric": "Vielleicht öffnet sich ja die Erde, es wäre mir ein Fest"},
    {"song": "Immer noch", "lyric": "Immer dasselbe, alles dreht sich im Kreis"},
    {"song": "Immer noch", "lyric": "Ich belüg mich doch selber, mach mir nur wieder Mut"},
    {"song": "Immer noch", "lyric": "Nicht immer nur dies furchtbare Vielleicht"},
    {"song": "Immer noch", "lyric": "Die Welt hat mich versetzt und hier steh ich jetzt"},
    {"song": "Immer noch", "lyric": "Vielleicht bekomm ich ja heute endlich den Brief von dir"},

    {"song": "Alle dasselbe", "lyric": "Es passierte am Abend des 4. April"},
    {"song": "Alle dasselbe", "lyric": "Nen Platz an der Sonne, genug zu essen, ein Bett"},
    {"song": "Alle dasselbe", "lyric": "Sind Fremdworte in Rockmusik legal"},
    {"song": "Alle dasselbe", "lyric": "Ich glaub, ich gründe nen Verein, da darf kein anderer hinein"},
    {"song": "Alle dasselbe", "lyric": "Jemanden, der uns wirklich liebt und nicht nur so tut"},
    {"song": "Alle dasselbe", "lyric": "Nen MP3-Player mit Alles von Slayer"},
    {"song": "Alle dasselbe", "lyric": "Und täglich das Neueste von Didi und Stulle"},
    {"song": "Alle dasselbe", "lyric": "Und dazu noch ein Pony und jemanden, der uns gern hat"},
    {"song": "Alle dasselbe", "lyric": "Ne Yacht in Pearl Harbor, ne Jolle in Leer"},

    {"song": "Kein Zurück", "lyric": "Und draußen scheint die Sonne, doch in dir herrscht tiefe Nacht"},
    {"song": "Kein Zurück", "lyric": "Um dich herum, da tobt das Leben, doch in dir tobt nur der Tod"},
    {"song": "Kein Zurück", "lyric": "Die dich verlieren, werden den Schmerz für immer spüren"},
    {"song": "Kein Zurück", "lyric": "Keine zweite Chance und erst recht kein Happy End"},
    {"song": "Kein Zurück", "lyric": "Schwimmst in einem tiefen Meer von Traurigkeit"},
    {"song": "Kein Zurück", "lyric": "Soll denn das Zucken deines Zeigefingers tatsächlich [...]"},

    {"song": "Dermitder", "lyric": "Ich sprach ihn an, doch er sprach nicht"},
    {"song": "Dermitder", "lyric": "Doch er verbreitet meistens gute Laune"},
    {"song": "Dermitder", "lyric": "Man kennt ihn nur als den Mann mit der Posaune"},
    {"song": "Dermitder", "lyric": "Die Sonne war inzwischen in Amerika"},
    {"song": "Dermitder", "lyric": "Na, langsam wars nicht mehr so spannend"},
    {"song": "Dermitder", "lyric": "Sein Schweigen hallte durch das Haus"},
    {"song": "Dermitder", "lyric": "Er stand noch immer da so wie ein Denkmal seiner selbst"},
    {"song": "Dermitder", "lyric": "Er trägt keinen Bart und doch ist er hart"},
    {"song": "Dermitder", "lyric": "Er raucht ziemlich viel und das ist schlecht für sein Spiel"},
    {"song": "Dermitder", "lyric": "Er ist nicht der Junge mit der Mundharmonika"},

    {"song": "Dusche", "lyric": "Ich trat in die Pedale und mein Fahrrad trat zurück"},
    {"song": "Dusche", "lyric": "Und die Krawatten hatten ein Attentat geplant"},
    {"song": "Dusche", "lyric": "Sie ist der einzige Freund, den ich noch habe auf der Welt"},
    {"song": "Dusche", "lyric": "Mein Kühlschrank hasst mich sowieso, er ist paranoid"},
    {"song": "Dusche", "lyric": "Stirb! Stirb Fernseher, stirb!"},


    {"song": "Alle Fragen dieser Welt", "lyric": "Ich sag' immer: \"Hauptsache, man ist gegen den Staat!\""},
    {"song": "Alle Fragen dieser Welt", "lyric": "Wo komm' ich her? Wo geh' ich hin?"},

    {"song": "Klasse", "lyric": "Ich dachte, dass dir mein Auto gut gefällt"},
    {"song": "Klasse", "lyric": "Und wozu hänge ich zuhause die goldenen Schallplatten auf?"},
    {"song": "Klasse", "lyric": "Wegen dir stehen sechstausendsechshundertsechzig Quadratmeter leer"},
    {"song": "Klasse", "lyric": "Geld macht nicht glücklich? Wo kommen wir da hin?"},
    {"song": "Klasse", "lyric": "Von außen schön blond und von innen schön hohl"},
    {"song": "Klasse", "lyric": "Ich bin ein König, bitte sei meine Königin"},


    {"song": "Atrás", "lyric": "Ni por dónde, ni porqué"},
    {"song": "Atrás", "lyric": "Donde es más azul el mar"},

    {"song": "Xenokratie", "lyric": "Hinter hohen Mauern, hinter Stacheldraht"},
    {"song": "Xenokratie", "lyric": "Doch mir ist klar: euch trifft wie immer keine Schuld"},
    {"song": "Xenokratie", "lyric": "Tut so, als wär das ganze Land von Schwachköpfen bewohnt"},
    {"song": "Xenokratie", "lyric": "Weil ihr doch pausenlos der Menschheit Gutes tut"},
    {"song": "Xenokratie", "lyric": "Unter hohen Decken, wo schon der Kaiser saß"},


    {"song": "Gefährlich", "lyric": "Einfach barfuß schlafen gehen, ach, du wirst es nie verstehen"},
    {"song": "Gefährlich", "lyric": "Sitzen in der Straßenbahn, ein echter Tanz auf dem Vulkan"},
    {"song": "Gefährlich", "lyric": "Manchmal schubsen wir ein Kind, weil wir die Schärfsten sind"},
    {"song": "Gefährlich", "lyric": "Oh, wir wackeln beim Tanz mit unseren Ärschen"},
    {"song": "Gefährlich", "lyric": "Wir sind so cool, es ist nicht wahr, die Welt ist unser Pissoir"},
    {"song": "Gefährlich", "lyric": "Wir leben lieber gefährlich"},

    {"song": "Hart", "lyric": "Achts hab' ich sie dann an der Autobahn verscharrt"},
    {"song": "Hart", "lyric": "Ich bin ziemlich groß und ich bin ziemlich breit"},
    {"song": "Hart", "lyric": "[...] sie liebte mich nicht, also brach' ich ihr das Genick"},





    {"song": "Nichtimgriff", "lyric": "Niemand versteht dich. Keiner zollt dir Respekt"},
    {"song": "Nichtimgriff", "lyric": "Frauen verlassen dich, wie Ratten das sinkende Schiff"},
    {"song": "Nichtimgriff", "lyric": "An deinen Fehlern sind die anderen schuld"},
    {"song": "Nichtimgriff", "lyric": "Tu dir mal selber Leid"},
    {"song": "Nichtimgriff", "lyric": "Du hast dein Leben nicht im Griff"},

    {"song": "Unscharf", "lyric": "Sie hinterlässt auch keine Fußspuren im Sand"},
    {"song": "Unscharf", "lyric": "Sie ist unscharf an den Rändern"},
    {"song": "Unscharf", "lyric": "Sie will nur Luft holen, sonst gibt es keinen Grund"},
    {"song": "Unscharf", "lyric": "Ist sie von einem anderen Stern? Ich weiß es nicht genau"},
    {"song": "Unscharf", "lyric": "Sie schaut zu Boden oder an die Wand"},

    {"song": "Gobi Todic", "lyric": "Verkaufte Waffen an den Vartikan"},
    {"song": "Gobi Todic", "lyric": "Jetzt sagen wir dem KGB Bescheid"},
    {"song": "Gobi Todic", "lyric": "Towarischtsch Gobi Todič ist zurück"},
    {"song": "Gobi Todic", "lyric": "Man hat ihn heute früh in einem Supermarkt gesehn"},
    {"song": "Gobi Todic", "lyric": "Ich gebe zu, am Anfang hielt ich es für ein Gerücht"},
    {"song": "Gobi Todic", "lyric": "Spionierte er für Kasachstan"},

    {"song": "Seltsam", "lyric": "Warum haben hässliche Frauen oft 'nen Pelz an?"},
    {"song": "Seltsam", "lyric": "Wer hat den Damen bloß erzählt, Kadaver hätten Sex-Appeal?"},
    {"song": "Seltsam", "lyric": "Wer Tiere so peinigt, gehört doch gesteinig"},

    {"song": "Krieg", "lyric": "Ich war heut in der Stadt, ich hatte Geld dabei"},
    {"song": "Krieg", "lyric": "Ein hässlicher Hund hat mich angekläfft"},
    {"song": "Krieg", "lyric": "Doch die Nachfrage war größer als das Angebot"},
    {"song": "Krieg", "lyric": "Da fuhr ein Herr hinter mir, der fuhr sehr infantil"},
    {"song": "Krieg", "lyric": "Bis das Blut knöchelhoch durch die Straßen fließt"},

    {"song": "Pakistan", "lyric": "Mit dem Segelboot nach Japan"},
    {"song": "Pakistan", "lyric": "Wir werdens offenbaren in unseren Memoiren"},
    {"song": "Pakistan", "lyric": "Mit dem Fahrrad durch die Wüste"},
    {"song": "Pakistan", "lyric": "Seh ich Einflugschneisen, denk ich ans Verreisen"},

    {"song": "Niemals", "lyric": "Mir ist klar, dass da niemals etwas sein wird"},
    {"song": "Niemals", "lyric": "Mein Kopf ist JWD und es tut mir weh"},
    {"song": "Niemals", "lyric": "Was ich nicht habe, kann ich auch nicht verlieren"},
    {"song": "Niemals", "lyric": "Zu spät, denn ich steck' mittendrin"},
    {"song": "Niemals", "lyric": "Ich denk jetzt an dich, jetzt, in dieser Sekunde"},

    {"song": "Die Leiche", "lyric": "Sie hat deine Figur und sie trägt deine Schuh"},
    {"song": "Die Leiche", "lyric": "Es war ziemlich dunkel, ich hab ihr Gesicht nicht gesehn"},
    {"song": "Die Leiche", "lyric": "Mein Blick fiel aus dem Fenster, ich sah sie sofort"},
    {"song": "Die Leiche", "lyric": "Ich sitz auf dem Rasen, ein Hund läuft vorbei"},
    {"song": "Die Leiche", "lyric": "Ich trug sie zum Grab, sie war nass und so kalt"},

    {"song": "Monster", "lyric": "Wir bauen uns ein Monster aus Rock"},
    {"song": "Monster", "lyric": "Und im Radio läuft ein Lied von den Scorpions"},
    {"song": "Monster", "lyric": "Denn sie wollen uns vergiften mit süßlicher Musik"},

    {"song": "Atem", "lyric": "Deine Augen Sternen gleich"},
    {"song": "Atem", "lyric": "Weil ich kein Süßholz raspeln kann"},
    {"song": "Atem", "lyric": "Wie ein Besen ohne Stiel, wie ein Fenster ohne Glas"},

    {"song": "Karten", "lyric": "Du bist immer noch auf der Suche nach dir selbst"},
    {"song": "Karten", "lyric": "Weil kein Mensch deine Sprache spricht"},
    {"song": "Karten", "lyric": "Als hättest du ein fremdes Leben gelebt"},
    {"song": "Karten", "lyric": "Und manchmal schreibst du uns Karten"},

    {"song": "I.F.D.G.", "lyric": "Mach 'ne kleine Pause, komm absichtlich zu spät"},
    {"song": "I.F.D.G.", "lyric": "Einfach nur zu lächeln ist ein herrlicher Protest"},
    {"song": "I.F.D.G.", "lyric": "Das Leben kann so schön sein, wenn man in der Nase bohrt"},
    {"song": "I.F.D.G.", "lyric": "Du weißt, dass du aus der Band fliegtst, wenn du dich mit mir anlegst?"},
    {"song": "I.F.D.G.", "lyric": "Man sitzt auf einer Parkbank, fühlt sich fast wie ein Tourist"},

    {"song": "Zu heiß", "lyric": "Als ich meinen Luxuskörper in der Hängematte hatte"},
    {"song": "Zu heiß", "lyric": "Ich lieg seit Tagen hier im eigenen Saft"},
    {"song": "Zu heiß", "lyric": "Ich glaub, ich werd ein bisschen Tilmann hören"},

    {"song": "Insel", "lyric": "Denn auf Werbung ist unsere Wirtschaft aufgebaut"},
    {"song": "Insel", "lyric": "Dagegen helfen keine Pillen und auch keine Prophylaxen"},
    {"song": "Insel", "lyric": "Es ist ein bisschen wie beim Turmbau zu Babylon"},
    {"song": "Insel", "lyric": "Kein Stress, keine Arbeit, kein Berufsverkehr"},
    {"song": "Insel", "lyric": "Zwei Wochen Ibiza, einmal im Jahr, fang schonmal an zu sparen"},

    {"song": "Trotzdem", "lyric": "Es ist nie vorbei, es geht nie zu Ende"},
    {"song": "Trotzdem", "lyric": "Setz dich auf die Couch, lehn dich an die Wand"},
    {"song": "Trotzdem", "lyric": "Sei mal nicht so ein Erbsenzähler"},
    {"song": "Trotzdem", "lyric": "Zwischen Bergen gibt es immer Täler"},
    {"song": "Trotzdem", "lyric": "Denn das Leben ist ein Werden und Vergehen"},


    {"song": "Bewegungslos", "lyric": "Und ich denk ich werd mich ändern irgendwann"},
    {"song": "Bewegungslos", "lyric": "Wir umarmen uns, denn dies wird unser Grab"},
    {"song": "Bewegungslos", "lyric": "Wir verharren in Bewegungslosigkeit"},
    {"song": "Bewegungslos", "lyric": "Wie totgeboren, wie eingefroren"},


    {"song": "Worte fehlen", "lyric": "Das erste Morgenrot berührt den Himmel kaum"},
    {"song": "Worte fehlen", "lyric": "Jetzt lächelst du im Traum"},
    {"song": "Worte fehlen", "lyric": "Wärst du ein Schiff, ich wäre gern dein Hafen"},
    {"song": "Worte fehlen", "lyric": "Ich hoffe, du hörst mein Schweigen nicht"},


    {"song": "Ein-Personen-Aufstand", "lyric": "Protestplakate überall, Demos in den Innenstädten"},
    {"song": "Ein-Personen-Aufstand", "lyric": "Wann begreifst du endlich ich werd mich nie von dir trennen"},
    {"song": "Ein-Personen-Aufstand", "lyric": "Was schert mich Stolz, was schert mich Deutschland"},
    {"song": "Ein-Personen-Aufstand", "lyric": "Mehr Leute wären zu viel Aufwand"},
    {"song": "Ein-Personen-Aufstand", "lyric": "Ok ich gebe zu, ich war manchmal nicht der perfekte Mann"},


    {"song": "Der Frauenflüsterer", "lyric": "Und jetzt kann ich Frauen endlich verstehen"},
    {"song": "Der Frauenflüsterer", "lyric": "Weil Frauen die Kommunikation erfanden"},
    {"song": "Der Frauenflüsterer", "lyric": "Dann weiß ich: Sie ist heiß auf Farin U..."},
    {"song": "Der Frauenflüsterer", "lyric": "Wenn er dich fragt: \"Kennst du Bremerhaven?\""},





    {"song": "Mein Lied", "lyric": "Der Himmel ist mir überall das beste Publikum"},
    {"song": "Mein Lied", "lyric": "Ich träum', ich wäre anderswo auf dieser weiten Welt"},
    {"song": "Mein Lied", "lyric": "Ich sing' seit heute Morgen und sing weiter bis zum Grab"},
    {"song": "Mein Lied", "lyric": "Mehr hab ich nicht in meinem Repertoire"},

    {"song": "Dynamit", "lyric": "C3H5N3O9 - hast du mal Feuer?"},
    {"song": "Dynamit", "lyric": "Wir verschönern unser Innenstadtgebiet"},
    {"song": "Dynamit", "lyric": "Ich hoffe, die Gebäude steh'n heut Abend leer"},

    {"song": "Was die Welt jetzt braucht", "lyric": "Die alberne Fledermaus tut so, als wär' sie König"},
    {"song": "Was die Welt jetzt braucht", "lyric": "Du flogst vorbei, dein Cape hat echt gestunken"},
    {"song": "Was die Welt jetzt braucht", "lyric": "Ein letzter Blick in deinen Spiegel und du bist bereit"},
    {"song": "Was die Welt jetzt braucht", "lyric": "Dabei ist es heutzutage einfach sich zu therapier'n"},
    {"song": "Was die Welt jetzt braucht", "lyric": "Zieh den Jogginganzug aus, du weißt, der steht dir eh nicht"},

    {"song": "Herz? Verloren", "lyric": "Meine Freundin sagt, ich darf nicht aus dem Fenster schau'n"},
    {"song": "Herz? Verloren", "lyric": "Mutier' ich zur Amöbe, mein Hirn ist verschwunden"},
    {"song": "Herz? Verloren", "lyric": "Weil wir Männer nur für Liebe existier'n"},
    {"song": "Herz? Verloren", "lyric": "Ich bin völlig perforiert von Amors Pfeil'n"},
    {"song": "Herz? Verloren", "lyric": "Wo-oh, ich bin polyamorös"},
    {"song": "Herz? Verloren", "lyric": "Ich wünschte, ich wäre gegen all die Pheromone immun"},

    {"song": "AWG", "lyric": "Ständig fragst du die Orakel nach dem Salz in deinem Leben"},
    {"song": "AWG", "lyric": "Packt dich die Wut? Lass dich nicht gehn, zähl einfach bis zehn"},
    {"song": "AWG", "lyric": "Egal, was soll's? Vielleicht wird es schlimmer, klopfe auf Holz"},
    {"song": "AWG", "lyric": "Jeden Tag liest du dein Horoskop, das machst du schon seit Jahren"},
    {"song": "AWG", "lyric": "Drei mal täglich gehst du beten, um die Götter zu befragen"},

    {"song": "Heute tanzen", "lyric": "Gelegentlich darf das Niveau auch flacher sein"},
    {"song": "Heute tanzen", "lyric": "Aber heute abend sollen unsere Ohren bluten"},
    {"song": "Heute tanzen", "lyric": "Schiller hat viel über Musik geschrieben"},
    {"song": "Heute tanzen", "lyric": "[...] doch wir leben nicht von Buchstaben allein"},
    {"song": "Heute tanzen", "lyric": "William Faulkner legt die Stirn in Falten"},

    {"song": "iDisco", "lyric": "Und dich mit Kuhaugen anseh'n"},
    {"song": "iDisco", "lyric": "Zum Homo Sapiens gehört nicht nur aufrecht geh'n"},
    {"song": "iDisco", "lyric": "Du bist umgeben von Schwachmaten"},

    {"song": "Find dich gut", "lyric": "Dann hilft nur eins: die Fahne raus"},
    {"song": "Find dich gut", "lyric": "Weil du nur toll bist, aber nie toll genug?"},
    {"song": "Find dich gut", "lyric": "Zieh vor dir selbst den Hut"},
    {"song": "Find dich gut", "lyric": "Sei nicht so schüchtern, und werde dein eigener Fan"},
    {"song": "Find dich gut", "lyric": "Weil es ständig nur Kritik gibt, doch mit Lob wird gegeizt"},

    {"song": "Keine Angst", "lyric": "Du läufst wochenlang durch heißen Wüstensand"},
    {"song": "Keine Angst", "lyric": "Du vermischst die Zukunft mit der Gegenwart"},
    {"song": "Keine Angst", "lyric": "Manchmal denkst du dir dann dunkle Welten aus"},

    {"song": "Fan", "lyric": "Denn früher warst du cool, heut schon lang nicht mehr"},
    {"song": "Fan", "lyric": "Jetzt machst du so Mainstream-Mist"},
    {"song": "Fan", "lyric": "Und hab sogar mein Kind nach dir getauft"},
    {"song": "Fan", "lyric": "Heut bist du downloadbare Massenware"},

    {"song": "Newton hatte Recht", "lyric": "So elastisch, Atom für Atom"},
    {"song": "Newton hatte Recht", "lyric": "Was nicht geht, geht nicht - und was geht, geht"},
    {"song": "Newton hatte Recht", "lyric": "Wie Don Quixote, eine traurige Gestalt"},
    {"song": "Newton hatte Recht", "lyric": "Eine Wand ist eine Wand ist eine Wand ist eine Wand, denn [...]"},

    {"song": "Das Traurigste", "lyric": "Geht es dir gut? Wirst du grad wild geküsst?"},
    {"song": "Das Traurigste", "lyric": "Es ist 211 Tage her, und du fehlst mir noch immer so sehr"},
    {"song": "Das Traurigste", "lyric": "Bist du aus Stein, oder bild ich mir das ein?"},
    {"song": "Das Traurigste", "lyric": "Ich weiß, daß du mich schon vergisst, während ich dich vermiss"},
    {"song": "Das Traurigste", "lyric": "Wir sind zu zweit, seit langer Zeit - ich und die Einsamkeit"},

    {"song": "3000", "lyric": "Ich hab 'n neuen Anzug, neues Auto - und die alten Probleme"},
    {"song": "3000", "lyric": "Kann vielleicht mal irgendjemand auf Pause drücken?"},
    {"song": "3000", "lyric": "Überlebensstrategien für das dritte Jahrtausend"},
    {"song": "3000", "lyric": "Alle klagen ständig über Burn Out-Beschwerden"},

    {"song": "Sommer", "lyric": "Komm wir fahrn meine Tanks leer, Baby"},
    {"song": "Sommer", "lyric": "Heut sind alle Ampeln grün"},
    {"song": "Sommer", "lyric": "Mach das Verdeck auf, Baby, und spür' die Sonnenstrahlen"},

    {"song": "Immer dabei", "lyric": "Getrennt und doch ein Teil von dir"},
    {"song": "Immer dabei", "lyric": "Ich weiß, das klingt jetzt schizophren"},
    {"song": "Immer dabei", "lyric": "Von grenzenloser Allmacht phantasierst"},


    {"song": "Die perfekte Diktatur", "lyric": "Ich gehe nicht mehr an's Telefon, es klingelt jeden Tag um vier"},
    {"song": "Die perfekte Diktatur", "lyric": "Die Zeitungen sind voll mit Durchhalteparolen"},
    {"song": "Die perfekte Diktatur", "lyric": "In der Innenstadt sind Bomben explodiert"},
    {"song": "Die perfekte Diktatur", "lyric": "Dein Name stand nicht an der Klingel, in der Tür stand irgendwer"},
    {"song": "Die perfekte Diktatur", "lyric": "Du wusstest nicht: Ich arbeite seit Jahren für die Sicherheit"},
    {"song": "Die perfekte Diktatur", "lyric": "Und morgen früh besuch ich deine Exekution"},

    {"song": "Wahnsinn", "lyric": "So was war vorher noch nie da, noch nicht mal in Amerika"},
    {"song": "Wahnsinn", "lyric": "Ich hoffe nur, dass ich nicht vorher schon in Ohnmacht fall"},
    {"song": "Wahnsinn", "lyric": "Eindrucksvoll und erhaben, der Zenit ist erreicht"},
    {"song": "Wahnsinn", "lyric": "Toll, toll, toll, super, super, phänomenal"},


    {"song": "Rest der Welt", "lyric": "Meine Feinde waren Verräter und Frisöre"},
    {"song": "Rest der Welt", "lyric": "Was auch passiert, ich weiß: Du stehst an meiner Seite"},
    {"song": "Rest der Welt", "lyric": "Ich fühl mich furchtloser als jeder Westernheld"},
    {"song": "Rest der Welt", "lyric": "Ich sag nichts, du sagst nichts, weil Worte überflüssig sind"},
    {"song": "Rest der Welt", "lyric": "Ich halt dich fest und lass dich nie mehr los"},

    {"song": "Babylon", "lyric": "Du sprachst nur ein paar Brocken Englisch und du wirktest abgelenkt"},
    {"song": "Babylon", "lyric": "Bin ein einsamer Nordeuropäer"},
    {"song": "Babylon", "lyric": "Und jetzt steh ich hier, noch fremder als bisher"},
    {"song": "Babylon", "lyric": "Interkulturelle Sensibilität - woher soll ich wissen, wie das geht?"},
    {"song": "Babylon", "lyric": "Den Rückflug hab ich längst verpasst"},


    {"song": "Welche Krise?", "lyric": "Jehovas Zeugen ziehen von Tür zu Tür"},
    {"song": "Welche Krise?", "lyric": "Die Russen drehen uns den Gashahn zu"},
    {"song": "Welche Krise?", "lyric": "Ich hab so zarte Hände - grab lieber du"},

    {"song": "Himmel auf Erden", "lyric": "Warum muss ich denn erst sterben, um das Paradies zu sehen?"},
    {"song": "Himmel auf Erden", "lyric": "Manche wohnen in Palästen, die anderen essen trocken Brot"},
    {"song": "Himmel auf Erden", "lyric": "Die einen errichten Tempel und die anderen Moscheen"},
    {"song": "Himmel auf Erden", "lyric": "Dieses Leben ist zwar bitter, doch im Jenseits winkt der Lohn"}
]