[
    {"song": "Trockenschütteln", "icon": "sahne"},
    {"song": "Shit-Man", "icon": "sahne"},
    {"song": "Rasenmähen", "icon": "sahne"},
    {"song": "Magen", "icon": "sahne"},
    {"song": "Voodoo-Mann", "icon": "sahne"},
    {"song": "Ökomädchen", "icon": "sahne"},
    {"song": "Fahrrad Fahr'n", "icon": "sahne"},
    {"song": "Bezahlen", "icon": "sahne"},
    {"song": "Schön", "icon": "sahne"},
    {"song": "Lotto", "icon": "sahne"},
    {"song": "Butterblume", "icon": "sahne"}
]
